CustomerID,Gender,Age,Annual Income ($),Spending Score (1-100),Profession,Work Experience,Family Size
5000,Male,19,10000,39,Healthcare,1,4
5001,Male,21,10001,81,Engineer,3,3
5002,Female,20,10002,6,Engineer,1,1
5003,Female,23,10003,77,Lawyer,0,2
5004,Female,31,10004,40,Entertainment,2,6
5005,Female,22,10005,76,Artist,0,2
5006,Female,35,10006,6,Healthcare,1,3
5007,Female,23,10007,94,Healthcare,1,3
5008,Male,64,10008,3,Engineer,0,3
5009,Female,30,10009,72,Artist,1,4
5010,Male,67,10010,14,Engineer,1,3
5011,Female,35,10011,99,Healthcare,4,4
5012,Female,58,10012,15,Executive,0,5
5013,Female,24,10013,77,Lawyer,1,1
5014,Male,37,10014,13,Doctor,0,1
5015,Male,22,10015,79,Healthcare,1,2
5016,Female,35,10016,35,Homemaker,9,5
5017,Male,20,10017,66,Healthcare,1,6
5018,Male,52,10018,29,Entertainment,1,4
5019,Female,35,10019,98,Artist,0,1
5020,Male,35,10020,35,Homemaker,12,1
5021,Male,25,10021,73,Healthcare,3,4
5022,Female,46,10022,5,Artist,13,2
5023,Male,31,10023,73,Artist,5,2
5024,Female,54,10024,14,Executive,1,3
5025,Male,29,10025,82,Artist,1,3
5026,Female,45,10026,32,Healthcare,9,8
5027,Male,35,10027,61,Artist,1,3
5028,Female,40,10028,31,Artist,0,1
5029,Female,23,10029,87,Artist,5,4
5030,Male,60,10030,4,Artist,0,3
5031,Female,21,10031,73,Doctor,1,2
5032,Male,53,10032,4,Healthcare,1,3
5033,Male,18,10033,92,Homemaker,9,7
5034,Female,49,10034,14,Lawyer,1,2
5035,Female,21,10035,81,Healthcare,3,4
5036,Female,42,10036,17,Doctor,5,1
5037,Female,30,10037,73,Healthcare,1,5
5038,Female,36,10038,26,Artist,8,2
5039,Female,20,10039,75,Artist,8,2
5040,Female,65,10040,35,Artist,4,1
5041,Male,24,10041,92,Healthcare,0,2
5042,Male,48,10042,36,Artist,14,3
5043,Female,31,10043,61,Artist,1,2
5044,Female,49,10044,28,Engineer,8,1
5045,Female,24,10045,65,Lawyer,4,2
5046,Female,50,10046,55,Artist,0,4
5047,Female,27,10047,47,Healthcare,12,1
5048,Female,29,10048,42,Healthcare,0,4
5049,Female,31,10049,42,Engineer,1,1
5050,Female,49,10050,52,Artist,1,2
5051,Male,33,10051,60,Artist,1,2
5052,Female,31,10052,54,Artist,1,1
5053,Male,59,10053,60,Entertainment,0,2
5054,Female,50,10054,45,Marketing,1,1
5055,Male,47,10055,41,Artist,14,2
5056,Female,51,10056,50,Healthcare,9,4
5057,Male,69,10057,46,Doctor,8,2
5058,Female,27,10058,51,Artist,1,3
5059,Male,53,10059,46,Lawyer,1,6
5060,Male,70,10060,56,Artist,0,2
5061,Male,19,10061,55,Artist,9,2
5062,Female,67,10062,52,Lawyer,0,3
5063,Female,54,10063,59,Lawyer,1,2
5064,Male,63,10064,51,Lawyer,7,2
5065,Male,18,10065,59,Entertainment,0,2
5066,Female,43,10066,50,Doctor,0,2
5067,Female,68,10067,48,Artist,8,4
5068,Male,19,10068,59,Artist,0,4
5069,Female,32,10069,47,Homemaker,2,2
5070,Male,70,10070,55,Healthcare,8,2
5071,Female,47,10071,42,Entertainment,8,2
5072,Female,60,10072,49,Artist,0,5
5073,Female,60,10073,56,Healthcare,8,4
5074,Male,59,10074,47,Artist,0,4
5075,Male,26,10075,54,Homemaker,0,3
5076,Female,45,10076,53,Doctor,0,2
5077,Male,40,10077,48,Artist,4,3
5078,Female,23,10078,52,Engineer,2,2
5079,Female,49,10079,42,,1,1
5080,Male,57,10080,51,Healthcare,0,4
5081,Male,38,10081,55,Healthcare,6,3
5082,Male,67,10082,41,Artist,8,1
5083,Female,46,10083,44,Entertainment,8,4
5084,Female,21,10084,57,Marketing,1,3
5085,Male,48,10085,46,Healthcare,7,5
5086,Female,55,10086,58,Artist,0,3
5087,Female,22,10087,55,Artist,5,2
5088,Female,34,10088,60,Entertainment,7,3
5089,Female,50,10089,46,Doctor,0,2
5090,Female,68,10090,55,Entertainment,0,3
5091,Male,18,10091,41,Artist,1,4
5092,Male,48,10092,49,Artist,1,2
5093,Female,40,10093,40,Entertainment,1,2
5094,Female,32,10094,42,Artist,0,1
5095,Male,24,10095,52,Artist,10,1
5096,Female,47,10096,47,Artist,0,1
5097,Female,27,10097,50,Artist,0,2
5098,Male,48,10098,42,Doctor,1,2
5099,Male,20,10099,49,Engineer,3,3
5100,Female,23,10100,41,Artist,0,4
5101,Female,49,10101,48,Executive,1,7
5102,Male,67,10102,59,Artist,0,3
5103,Male,26,10103,55,Executive,0,5
5104,Male,49,10104,56,Healthcare,10,2
5105,Female,21,10105,42,Doctor,1,2
5106,Female,66,10106,50,Homemaker,3,2
5107,Male,54,10107,46,Lawyer,1,1
5108,Male,68,10108,43,Healthcare,6,5
5109,Male,66,10109,48,Healthcare,9,3
5110,Male,65,10110,52,Entertainment,4,4
5111,Female,19,10111,54,Artist,0,1
5112,Female,38,10112,42,Doctor,1,5
5113,Male,19,10113,46,Artist,1,1
5114,Female,18,10114,48,Executive,0,3
5115,Female,19,10115,50,Executive,8,4
5116,Female,63,10116,43,Lawyer,1,1
5117,Female,49,10117,59,Artist,0,2
5118,Female,51,10118,43,,2,7
5119,Female,50,10119,57,Artist,1,2
5120,Male,27,10120,56,Executive,0,3
5121,Female,38,10121,40,Executive,1,4
5122,Female,40,10122,58,Engineer,9,4
5123,Male,39,10123,91,Healthcare,1,3
5124,Female,23,10124,29,Entertainment,9,2
5125,Female,31,10125,77,Marketing,1,2
5126,Male,43,10126,35,Engineer,0,7
5127,Male,40,10127,95,Artist,0,2
5128,Male,59,10128,11,Engineer,0,2
5129,Male,38,10129,75,Entertainment,8,5
5130,Male,47,10130,9,Executive,9,5
5131,Male,39,10131,75,Lawyer,0,2
5132,Female,25,10132,34,Healthcare,6,4
5133,Female,31,10133,71,Artist,5,1
5134,Male,20,10134,5,Engineer,1,2
5135,Female,29,10135,88,Executive,5,5
5136,Female,44,10136,7,Artist,5,2
5137,Male,32,10137,73,Artist,3,4
5138,Male,19,10138,10,Marketing,8,4
5139,Female,35,10139,72,Artist,4,4
5140,Female,57,10140,5,Engineer,0,2
5141,Male,32,10141,93,Artist,0,5
5142,Female,28,10142,40,Doctor,5,3
5143,Female,32,10143,87,Lawyer,1,2
5144,Male,25,10144,12,Engineer,0,5
5145,Male,28,10145,97,Marketing,8,5
5146,Male,48,10146,36,Engineer,9,2
5147,Female,32,10147,74,Lawyer,1,1
5148,Female,34,10148,22,Healthcare,7,4
5149,Male,34,10149,90,Artist,6,3
5150,Male,43,10150,17,Lawyer,0,9
5151,Male,39,10151,88,Engineer,0,1
5152,Female,44,10152,20,Engineer,0,2
5153,Female,38,10153,76,Artist,2,2
5154,Female,47,10154,16,Healthcare,0,4
5155,Female,27,10155,89,Marketing,8,4
5156,Male,37,10156,1,Executive,1,1
5157,Female,30,10157,78,Artist,3,4
5158,Male,34,10158,1,Lawyer,1,2
5159,Female,30,10159,73,Artist,3,3
5160,Female,56,10160,35,Artist,1,1
5161,Female,29,10161,83,Healthcare,1,5
5162,Male,19,10162,5,Executive,0,5
5163,Female,31,10163,93,Healthcare,1,5
5164,Male,50,10164,26,Doctor,0,2
5165,Female,36,10165,75,Artist,5,3
5166,Male,42,10166,20,Homemaker,9,3
5167,Female,33,10167,95,Artist,0,5
5168,Female,36,10168,27,Artist,0,3
5169,Male,32,10169,63,Artist,2,2
5170,Male,40,10170,13,Artist,3,5
5171,Male,28,10171,75,Executive,0,2
5172,Male,36,10172,10,Lawyer,0,2
5173,Male,36,10173,92,Artist,5,2
5174,Female,52,10174,13,Lawyer,0,2
5175,Female,30,10175,86,Artist,3,4
5176,Male,58,10176,15,Engineer,11,1
5177,Male,27,10177,69,Healthcare,2,6
5178,Male,59,10178,14,Healthcare,4,3
5179,Male,35,10179,90,Engineer,8,1
5180,Female,37,10180,32,Artist,7,2
5181,Female,32,10181,86,Entertainment,7,5
5182,Male,46,10182,15,Artist,7,1
5183,Female,29,10183,88,Artist,4,4
5184,Female,41,10184,39,Artist,1,1
5185,Male,30,10185,97,Artist,6,2
5186,Female,54,10186,24,Lawyer,1,2
5187,Male,28,10187,68,Doctor,5,3
5188,Female,41,10188,17,Engineer,8,2
5189,Female,36,10189,85,Artist,4,2
5190,Female,34,10190,23,Artist,5,3
5191,Female,32,10191,69,Artist,8,2
5192,Male,33,10192,8,Executive,9,2
5193,Female,38,10193,91,Artist,10,4
5194,Female,47,10194,16,Artist,7,2
5195,Female,35,10195,79,Executive,1,3
5196,Female,45,10196,28,Artist,0,2
5197,Male,32,10197,74,Artist,1,5
5198,Male,32,10198,18,Executive,1,2
5199,Male,30,10199,83,Artist,4,2
5200,Female,21,10200,10,Healthcare,0,3
5201,Male,34,10201,16,Healthcare,9,3
5202,Female,16,10202,0,Engineer,6,8
5203,Female,76,10203,39,Healthcare,4,2
5204,Female,62,10204,59,Entertainment,0,2
5205,Female,63,10205,52,Healthcare,8,3
5206,Female,19,10206,61,Healthcare,0,3
5207,Male,46,10207,12,Artist,2,1
5208,Female,48,10208,7,Doctor,0,2
5209,Female,80,10209,33,Engineer,9,4
5210,Female,1,10210,93,Engineer,1,2
5211,Female,0,10211,92,Artist,2,1
5212,Male,86,10212,70,Marketing,2,4
5213,Male,49,10213,82,Lawyer,8,1
5214,Male,48,10214,68,Doctor,2,4
5215,Female,46,10215,70,Healthcare,3,3
5216,Male,79,10216,40,Doctor,6,2
5217,Female,83,10217,99,Doctor,8,2
5218,Female,66,10218,34,Executive,9,2
5219,Female,59,10219,61,,9,1
5220,Female,39,10220,33,Artist,5,3
5221,Female,95,10221,51,Engineer,4,2
5222,Male,43,10222,55,Artist,4,3
5223,Female,93,10223,37,Healthcare,1,5
5224,Female,40,10224,48,Homemaker,4,1
5225,Female,78,10225,8,Engineer,1,1
5226,Female,25,10226,77,Artist,5,4
5227,Male,76,10227,86,Healthcare,9,4
5228,Male,0,10228,64,Marketing,1,1
5229,Male,15,10229,30,Healthcare,7,2
5230,Female,6,10230,53,Lawyer,8,2
5231,Male,84,10231,28,Healthcare,0,4
5232,Female,67,10232,88,Lawyer,0,2
5233,Female,78,10233,14,Healthcare,0,4
5234,Female,4,10234,54,Artist,9,1
5235,Female,29,10235,34,Healthcare,0,4
5236,Male,91,10236,96,Healthcare,1,5
5237,Male,95,10237,35,,0,4
5238,Male,55,10238,74,Lawyer,1,4
5239,Female,14,10239,11,Artist,1,2
5240,Male,92,10240,16,Executive,1,5
5241,Female,65,10241,17,Artist,0,3
5242,Female,84,10242,14,Healthcare,1,4
5243,Female,77,10243,58,Artist,0,6
5244,Female,53,10244,20,Artist,0,4
5245,Female,28,10245,75,Entertainment,7,2
5246,Male,23,10246,96,Doctor,1,3
5247,Female,32,10247,16,Artist,1,2
5248,Female,37,10248,2,Artist,1,2
5249,Female,89,10249,0,Engineer,0,5
5250,Male,80,10250,93,Engineer,1,3
5251,Female,27,10251,65,Doctor,8,1
5252,Female,78,10252,14,Artist,5,4
5253,Female,86,10253,13,Lawyer,7,3
5254,Female,46,10254,32,Engineer,4,4
5255,Male,59,10255,49,Lawyer,4,2
5256,Male,12,10256,18,Executive,10,1
5257,Male,79,10257,96,Homemaker,6,7
5258,Female,79,10258,64,Artist,2,3
5259,Male,26,10259,60,Executive,6,4
5260,Female,63,10260,16,Artist,2,3
5261,Female,52,10261,85,Doctor,2,6
5262,Female,32,10262,24,Lawyer,2,3
5263,Female,64,10263,38,Engineer,3,4
5264,Female,37,10264,10,Homemaker,1,7
5265,Male,7,10265,39,Entertainment,2,2
5266,Female,40,10266,68,Artist,1,1
5267,Female,78,10267,79,Artist,0,3
5268,Female,34,10268,76,Entertainment,6,6
5269,Female,52,10269,39,Artist,1,2
5270,Male,94,10270,36,Entertainment,0,4
5271,Female,1,10271,82,Doctor,0,3
5272,Female,96,10272,76,Entertainment,0,3
5273,Female,18,10273,99,Artist,0,2
5274,Female,37,10274,57,Artist,1,2
5275,Male,78,10275,89,Lawyer,1,2
5276,Male,16,10276,88,Executive,7,4
5277,Male,93,10277,21,Artist,1,1
5278,Female,74,10278,12,Engineer,9,3
5279,Male,68,10279,73,Healthcare,3,3
5280,Female,32,10280,87,Executive,1,4
5281,Female,43,10281,63,Marketing,1,2
5282,Female,52,10282,58,Artist,1,3
5283,Female,63,10283,20,Artist,1,2
5284,Female,33,10284,11,Healthcare,0,1
5285,Male,86,10285,40,Artist,0,1
5286,Female,85,10286,84,Entertainment,1,1
5287,Female,73,10287,47,Healthcare,1,2
5288,Female,21,10288,91,Marketing,0,1
5289,Female,93,10289,58,Engineer,1,3
5290,Male,9,10290,62,Entertainment,7,1
5291,Female,10,10291,80,Doctor,6,3
5292,Male,11,10292,66,Artist,8,8
5293,Female,48,10293,36,Engineer,6,4
5294,Female,73,10294,73,Entertainment,2,2
5295,Female,66,10295,43,Executive,9,3
5296,Female,79,10296,91,Engineer,3,3
5297,Male,62,10297,41,Doctor,6,2
5298,Male,17,10298,16,Artist,1,3
5299,Male,32,10299,86,Entertainment,5,2
5300,Male,85,10300,100,Entertainment,3,3
5301,Male,31,10301,16,Healthcare,5,2
5302,Female,31,10302,73,Healthcare,6,3
5303,Female,38,10303,7,Healthcare,5,2
5304,Female,90,10304,21,Lawyer,1,2
5305,Female,65,10305,26,Marketing,6,2
5306,Female,63,10306,12,Artist,4,2
5307,Female,61,10307,14,Doctor,0,2
5308,Male,26,10308,83,Engineer,8,4
5309,Female,17,10309,65,Engineer,1,4
5310,Male,56,10310,15,Executive,5,6
5311,Female,12,10311,30,Engineer,5,4
5312,Female,24,10312,100,Lawyer,5,1
5313,Female,13,10313,9,Executive,9,4
5314,Male,12,10314,77,Doctor,2,3
5315,Male,72,10315,93,Lawyer,9,2
5316,Female,54,10316,8,Homemaker,4,4
5317,Male,45,10317,91,Artist,7,2
5318,Male,66,10318,44,Marketing,8,1
5319,Female,27,10319,56,Healthcare,8,4
5320,Male,36,10320,21,Engineer,10,2
5321,Male,5,10321,60,Lawyer,13,1
5322,Female,89,10322,100,Healthcare,2,4
5323,Male,13,10323,94,Doctor,6,1
5324,Female,91,10324,40,Artist,4,1
5325,Male,16,10325,7,Artist,3,1
5326,Female,63,10326,90,Engineer,7,1
5327,Male,52,10327,39,Engineer,4,2
5328,Female,37,10328,58,Healthcare,1,5
5329,Female,78,10329,2,Artist,2,3
5330,Male,24,10330,33,Engineer,0,4
5331,Female,4,10331,62,Engineer,3,4
5332,Male,84,10332,67,Healthcare,0,5
5333,Male,0,10333,96,Artist,0,4
5334,Female,67,10334,58,Entertainment,10,2
5335,Female,32,10335,30,Healthcare,8,3
5336,Female,39,10336,75,Healthcare,1,5
5337,Female,68,10337,62,Healthcare,0,2
5338,Female,7,10338,28,Doctor,14,1
5339,Female,76,10339,55,Artist,8,2
5340,Female,84,10340,99,Artist,3,1
5341,Male,75,10341,82,Entertainment,1,4
5342,Male,22,10342,61,Artist,0,1
5343,Female,90,10343,61,Engineer,1,1
5344,Female,4,10344,99,Healthcare,1,8
5345,Female,78,10345,84,Lawyer,0,3
5346,Female,58,10346,22,Healthcare,9,1
5347,Female,99,10347,41,Artist,9,1
5348,Female,24,10348,39,Marketing,2,5
5349,Female,88,10349,98,Artist,13,4
5350,Female,92,10350,91,Artist,9,4
5351,Male,99,10351,4,Engineer,13,1
5352,Female,51,10352,98,Lawyer,7,1
5353,Male,23,10353,35,Healthcare,14,3
5354,Female,13,10354,75,Doctor,9,1
5355,Male,22,10355,20,Engineer,6,1
5356,Female,89,10356,87,Homemaker,11,4
5357,Male,20,10357,51,Marketing,13,5
5358,Female,72,10358,19,Lawyer,9,3
5359,Male,17,10359,71,Healthcare,9,3
5360,Male,90,10360,18,Artist,8,3
5361,Male,99,10361,61,Entertainment,1,2
5362,Female,39,10362,73,Engineer,4,3
5363,Female,37,10363,56,Entertainment,1,2
5364,Male,46,10364,85,Artist,1,2
5365,Male,65,10365,72,Healthcare,0,2
5366,Female,60,10366,30,Artist,1,1
5367,Female,93,10367,74,Executive,12,3
5368,Male,72,10368,15,Healthcare,9,5
5369,Female,36,10369,25,Entertainment,1,5
5370,Male,52,10370,61,Artist,8,1
5371,Female,72,10371,49,Entertainment,1,2
5372,Female,28,10372,5,Lawyer,2,1
5373,Female,48,10373,92,Doctor,6,4
5374,Male,85,10374,43,Doctor,6,4
5375,Male,22,10375,83,Artist,8,1
5376,Female,30,10376,78,Doctor,1,1
5377,Male,46,10377,64,Artist,1,2
5378,Female,82,10378,77,Artist,2,2
5379,Female,73,10379,51,Entertainment,0,1
5380,Male,8,10380,2,Artist,5,1
5381,Male,90,10381,8,Engineer,0,2
5382,Male,34,10382,26,Artist,0,6
5383,Female,10,10383,43,Artist,0,2
5384,Female,79,10384,83,Artist,1,3
5385,Male,83,10385,97,Artist,1,2
5386,Female,20,10386,18,Artist,15,3
5387,Female,25,10387,5,Artist,15,2
5388,Female,26,10388,8,Healthcare,16,2
5389,Female,18,10389,23,Doctor,13,1
5390,Female,7,10390,10,Artist,7,1
5391,Male,1,10391,1,Doctor,12,2
5392,Male,21,10392,30,Artist,17,4
5393,Female,86,10393,31,Artist,9,4
5394,Female,75,10394,82,Artist,15,1
5395,Male,78,10395,52,Lawyer,13,1
5396,Female,87,10396,69,Homemaker,6,4
5397,Female,8,10397,41,Entertainment,14,3
5398,Male,59,10398,28,Executive,5,3
5399,Male,13,10399,77,Artist,15,2
5400,Female,55,10400,35,Engineer,16,1
5401,Female,50,10401,92,Healthcare,11,7
5402,Male,54,10402,95,Doctor,13,2
5403,Male,13,10403,46,Doctor,14,3
5404,Male,79,10404,45,Engineer,5,5
5405,Female,65,10405,11,Artist,17,6
5406,Female,51,10406,73,Executive,15,3
5407,Male,18,10407,36,Executive,16,4
5408,Male,21,10408,87,Healthcare,2,3
5409,Male,37,10409,93,Healthcare,7,4
5410,Male,83,10410,83,Entertainment,0,2
5411,Female,96,10411,31,Lawyer,0,4
5412,Female,65,10412,88,Artist,0,4
5413,Male,80,10413,44,Marketing,1,7
5414,Female,75,10414,5,Lawyer,1,5
5415,Female,87,10415,78,Engineer,1,4
5416,Female,86,10416,12,Artist,0,1
5417,Female,36,10417,25,Artist,8,5
5418,Female,78,10418,40,Homemaker,9,7
5419,Female,62,10419,69,Entertainment,1,2
5420,Male,89,10420,19,Healthcare,1,1
5421,Female,56,10421,96,Entertainment,0,6
5422,Female,35,10422,34,Artist,5,4
5423,Male,33,10423,71,Artist,1,4
5424,Female,58,10424,71,Entertainment,7,7
5425,Female,68,10425,93,Artist,1,2
5426,Male,38,10426,32,Entertainment,2,3
5427,Male,31,10427,57,Doctor,1,5
5428,Male,90,10428,4,Entertainment,1,1
5429,Male,28,10429,24,Engineer,1,1
5430,Male,1,10430,85,Healthcare,7,4
5431,Male,78,10431,78,Executive,10,7
5432,Female,23,10432,32,Artist,3,5
5433,Female,25,10433,62,Artist,4,1
5434,Male,59,10434,38,Engineer,5,5
5435,Female,7,10435,76,Doctor,1,7
5436,Female,24,10436,41,Lawyer,0,1
5437,Male,76,10437,14,,0,7
5438,Male,37,10438,93,Entertainment,1,6
5439,Female,6,10439,91,Artist,0,1
5440,Female,0,10440,29,,0,7
5441,Male,3,10441,47,Artist,1,1
5442,Female,95,10442,88,Artist,0,3
5443,Female,0,10443,16,Lawyer,1,4
5444,Male,7,10444,86,Artist,13,3
5445,Male,54,10445,87,Artist,7,6
5446,Male,89,10446,24,Engineer,15,1
5447,Female,58,10447,91,Engineer,6,1
5448,Female,12,10448,64,Artist,13,5
5449,Male,7,10449,80,Healthcare,8,2
5450,Male,11,10450,40,Healthcare,8,6
5451,Male,74,10451,55,Engineer,7,4
5452,Female,64,10452,20,Healthcare,7,2
5453,Female,48,10453,50,Lawyer,10,7
5454,Female,8,10454,38,Artist,1,5
5455,Female,15,10455,99,Artist,14,6
5456,Male,1,10456,7,Artist,0,1
5457,Female,21,10457,86,Artist,6,6
5458,Male,84,10458,44,Marketing,3,4
5459,Female,5,10459,28,Doctor,4,6
5460,Female,47,10460,56,Lawyer,0,7
5461,Female,96,10461,29,Healthcare,0,7
5462,Male,93,10462,96,Artist,2,4
5463,Female,16,10463,11,Entertainment,1,4
5464,Male,56,10464,41,Marketing,0,5
5465,Female,76,10465,31,Engineer,1,2
5466,Male,0,10466,80,Doctor,15,2
5467,Female,70,10467,53,Executive,12,5
5468,Female,47,10468,12,Artist,4,3
5469,Male,13,10469,22,Healthcare,11,4
5470,Male,86,10470,46,Homemaker,10,5
5471,Male,91,10471,28,Artist,15,7
5472,Male,97,10472,50,Healthcare,8,2
5473,Male,20,10473,92,Artist,17,5
5474,Female,11,10474,92,Healthcare,5,4
5475,Female,28,10475,45,Lawyer,9,2
5476,Male,32,10476,42,Artist,0,7
5477,Male,82,10477,30,Lawyer,0,6
5478,Male,39,10478,66,Healthcare,3,6
5479,Male,7,10479,85,Entertainment,2,1
5480,Female,13,10480,71,Artist,6,3
5481,Female,34,10481,43,Healthcare,9,6
5482,Male,76,10482,81,Healthcare,0,2
5483,Female,30,10483,60,Healthcare,1,1
5484,Female,69,10484,34,Healthcare,1,7
5485,Male,22,10485,59,Homemaker,2,4
5486,Female,60,10486,81,Artist,1,6
5487,Male,66,10487,25,Artist,0,1
5488,Female,57,10488,34,Artist,9,1
5489,Female,60,10489,81,Healthcare,1,4
5490,Female,59,10490,97,Artist,3,4
5491,Female,54,10491,88,Lawyer,3,1
5492,Male,90,10492,6,Artist,4,2
5493,Female,14,10493,20,Artist,0,4
5494,Female,34,10494,54,Entertainment,1,7
5495,Female,85,10495,17,Healthcare,12,4
5496,Female,83,10496,65,Doctor,1,1
5497,Male,12,10497,96,Homemaker,3,3
5498,Male,95,10498,3,,12,3
5499,Male,41,10499,91,Artist,6,7
5500,Female,38,10500,96,Healthcare,6,3
5501,Male,68,10501,61,Healthcare,8,5
5502,Female,4,10502,21,Healthcare,0,7
5503,Female,5,10503,17,Artist,1,3
5504,Female,3,10504,10,Doctor,1,2
5505,Female,20,10505,90,Executive,1,3
5506,Female,3,10506,30,Executive,1,1
5507,Male,36,10507,16,Healthcare,1,5
5508,Female,70,10508,63,Artist,1,1
5509,Female,17,10509,47,Artist,1,5
5510,Female,31,10510,17,Artist,6,1
5511,Female,48,10511,96,Entertainment,0,1
5512,Male,28,10512,29,Marketing,0,1
5513,Male,97,10513,70,Healthcare,9,3
5514,Male,81,10514,1,Artist,1,2
5515,Female,37,10515,91,Artist,0,2
5516,Male,85,10516,87,Entertainment,1,1
5517,Female,78,10517,94,Homemaker,14,7
5518,Female,13,10518,2,Entertainment,13,3
5519,Female,53,10519,38,Healthcare,1,5
5520,Female,41,10520,49,Entertainment,1,3
5521,Female,9,10521,60,Engineer,1,1
5522,Male,20,10522,2,Healthcare,8,2
5523,Female,98,10523,63,Doctor,1,5
5524,Female,44,10524,2,Healthcare,8,6
5525,Female,66,10525,59,Healthcare,15,5
5526,Female,58,10526,74,Healthcare,0,3
5527,Male,97,10527,21,Artist,9,6
5528,Male,13,10528,17,Doctor,0,3
5529,Male,48,10529,92,Artist,2,2
5530,Female,47,10530,44,Artist,0,7
5531,Male,93,10531,66,Doctor,14,5
5532,Female,11,10532,45,Engineer,3,2
5533,Female,68,10533,59,Doctor,1,6
5534,Female,87,10534,73,Artist,0,1
5535,Female,22,10535,17,Entertainment,1,2
5536,Male,89,10536,33,Doctor,1,2
5537,Male,57,10537,92,Engineer,9,5
5538,Male,91,10538,14,Artist,4,2
5539,Female,84,10539,95,Artist,1,7
5540,Male,56,10540,51,Executive,0,4
5541,Female,26,10541,30,Executive,1,2
5542,Female,56,10542,87,Artist,1,5
5543,Female,6,10543,23,Artist,3,2
5544,Female,33,10544,1,Entertainment,1,1
5545,Female,89,10545,26,,10,6
5546,Male,99,10546,83,Engineer,0,2
5547,Female,25,10547,85,Artist,2,1
5548,Female,96,10548,40,Entertainment,1,7
5549,Female,35,10549,88,Homemaker,5,2
5550,Male,16,10550,65,Marketing,0,3
5551,Female,81,10551,12,Doctor,1,7
5552,Female,7,10552,59,Homemaker,1,7
5553,Female,31,10553,62,Marketing,1,1
5554,Female,16,10554,62,Healthcare,1,3
5555,Male,89,10555,99,Artist,0,4
5556,Male,84,10556,63,Engineer,0,6
5557,Male,40,10557,96,Artist,0,7
5558,Female,17,10558,5,Healthcare,8,5
5559,Male,0,10559,89,Artist,0,6
5560,Female,69,10560,52,Artist,1,7
5561,Female,17,10561,12,Lawyer,11,6
5562,Female,0,10562,25,Entertainment,8,1
5563,Female,34,10563,3,Entertainment,9,5
5564,Female,51,10564,100,Healthcare,15,1
5565,Male,54,10565,67,Healthcare,1,7
5566,Female,19,10566,14,Artist,17,5
5567,Female,99,10567,13,Engineer,0,3
5568,Female,2,10568,82,Healthcare,4,3
5569,Female,91,10569,37,Engineer,8,1
5570,Male,65,10570,65,Artist,1,6
5571,Female,47,10571,24,Executive,4,5
5572,Female,91,10572,61,Artist,4,5
5573,Female,64,10573,31,Artist,1,3
5574,Female,91,10574,23,Artist,1,6
5575,Male,32,10575,34,Artist,6,3
5576,Male,15,10576,98,Engineer,8,5
5577,Male,22,10577,84,Artist,8,3
5578,Female,37,10578,89,Healthcare,4,4
5579,Male,83,10579,53,Lawyer,4,5
5580,Female,89,10580,1,Marketing,5,1
5581,Female,33,10581,67,Artist,9,4
5582,Female,13,10582,62,Entertainment,12,5
5583,Female,71,10583,56,Doctor,6,2
5584,Female,10,10584,85,Marketing,15,7
5585,Male,49,10585,98,Artist,5,4
5586,Female,9,10586,75,Executive,10,2
5587,Female,53,10587,2,Lawyer,16,3
5588,Female,63,10588,25,Healthcare,12,5
5589,Female,46,10589,14,Healthcare,11,5
5590,Male,42,10590,52,Artist,15,3
5591,Female,73,10591,31,Entertainment,7,5
5592,Male,75,10592,16,Executive,10,7
5593,Female,49,10593,41,Doctor,15,1
5594,Female,96,10594,77,Engineer,8,5
5595,Female,52,10595,88,Executive,14,3
5596,Female,15,10596,51,Entertainment,5,7
5597,Male,91,10597,40,Entertainment,15,7
5598,Male,22,10598,29,Entertainment,7,3
5599,Male,62,10599,87,Healthcare,8,1
5600,Male,41,10600,85,Doctor,16,1
5601,Male,61,10601,20,,11,4
5602,Female,71,10602,32,Artist,7,7
5603,Female,91,10603,78,Lawyer,17,6
5604,Female,94,10604,68,Executive,7,6
5605,Female,3,10605,31,Healthcare,13,3
5606,Female,15,10606,72,Artist,8,7
5607,Female,96,10607,57,Executive,2,1
5608,Male,12,10608,77,Artist,9,2
5609,Female,23,10609,83,Doctor,0,7
5610,Male,94,10610,17,Artist,5,7
5611,Female,7,10611,12,Artist,0,6
5612,Female,74,10612,36,Lawyer,0,5
5613,Female,52,10613,81,Healthcare,9,2
5614,Male,39,10614,23,Engineer,1,6
5615,Male,72,10615,70,Healthcare,8,6
5616,Female,55,10616,47,Artist,10,4
5617,Male,29,10617,74,Lawyer,5,1
5618,Male,38,10618,20,Marketing,1,6
5619,Female,44,10619,79,Artist,1,3
5620,Male,58,10620,44,Entertainment,6,5
5621,Male,77,10621,30,Healthcare,1,2
5622,Female,56,10622,61,Entertainment,1,7
5623,Male,79,10623,52,Artist,0,2
5624,Female,97,10624,4,Doctor,1,7
5625,Male,78,10625,12,Healthcare,1,6
5626,Female,91,10626,50,Healthcare,0,1
5627,Male,35,10627,8,Lawyer,0,5
5628,Female,43,10628,27,Artist,13,4
5629,Female,37,10629,83,Lawyer,1,2
5630,Male,63,10630,42,Artist,3,3
5631,Female,16,10631,82,Healthcare,0,7
5632,Male,32,10632,92,Artist,0,5
5633,Male,91,10633,90,Artist,0,1
5634,Female,33,10634,70,Executive,6,3
5635,Female,57,10635,10,Healthcare,2,6
5636,Female,43,10636,66,Healthcare,0,1
5637,Female,26,10637,97,Entertainment,0,5
5638,Female,59,10638,8,Doctor,0,7
5639,Female,61,10639,58,Artist,0,5
5640,Female,59,10640,14,Marketing,3,4
5641,Male,66,10641,19,,7,7
5642,Male,26,10642,13,Healthcare,0,7
5643,Female,67,10643,51,Healthcare,0,5
5644,Female,85,10644,35,Artist,0,2
5645,Female,76,10645,33,Doctor,0,7
5646,Female,57,10646,22,Artist,0,1
5647,Female,77,10647,77,Lawyer,8,5
5648,Female,66,10648,94,Healthcare,1,2
5649,Female,49,10649,80,Lawyer,1,6
5650,Female,36,10650,40,Doctor,1,4
5651,Male,74,10651,83,Entertainment,0,7
5652,Female,16,10652,86,Artist,6,3
5653,Male,27,10653,15,Executive,1,6
5654,Female,3,10654,98,Executive,0,3
5655,Male,31,10655,94,Marketing,1,3
5656,Female,30,10656,28,Executive,1,1
5657,Male,94,10657,81,Artist,0,6
5658,Female,31,10658,38,Artist,1,6
5659,Male,49,10659,53,Artist,0,3
5660,Male,49,10660,48,Executive,6,5
5661,Male,53,10661,52,Doctor,7,7
5662,Female,3,10662,95,Healthcare,2,7
5663,Female,91,10663,37,Doctor,4,1
5664,Male,26,10664,6,Marketing,9,7
5665,Male,28,10665,64,,8,1
5666,Female,92,10666,72,Entertainment,1,4
5667,Female,59,10667,70,Artist,0,7
5668,Male,15,10668,58,Artist,0,6
5669,Female,23,10669,84,Engineer,1,7
5670,Male,54,10670,100,Marketing,3,3
5671,Female,93,10671,49,Artist,1,3
5672,Female,65,10672,45,Doctor,1,1
5673,Female,13,10673,88,Lawyer,1,5
5674,Male,71,10674,45,Doctor,0,6
5675,Male,1,10675,59,Artist,8,4
5676,Female,57,10676,94,Artist,1,1
5677,Male,14,10677,79,Entertainment,1,2
5678,Female,77,10678,33,Healthcare,1,2
5679,Female,89,10679,33,Doctor,1,7
5680,Male,17,10680,100,Artist,1,4
5681,Male,86,10681,69,Entertainment,1,3
5682,Male,42,10682,37,Executive,4,4
5683,Female,29,10683,95,Entertainment,0,4
5684,Female,54,10684,35,Artist,0,2
5685,Male,96,10685,49,Artist,12,5
5686,Female,58,10686,12,Healthcare,0,3
5687,Female,52,10687,46,Engineer,0,1
5688,Female,3,10688,57,Healthcare,0,1
5689,Female,13,10689,66,Healthcare,4,7
5690,Female,3,10690,68,Healthcare,1,2
5691,Male,89,10691,22,Doctor,0,3
5692,Male,83,10692,2,Entertainment,0,5
5693,Female,80,10693,78,Lawyer,10,4
5694,Female,74,10694,87,Entertainment,1,4
5695,Male,42,10695,3,Healthcare,0,5
5696,Female,91,10696,33,Artist,8,3
5697,Female,31,10697,71,Executive,9,2
5698,Male,8,10698,84,Artist,1,1
5699,Male,64,10699,65,Executive,0,5
5700,Female,41,10700,27,Healthcare,8,7
5701,Female,62,10701,93,Artist,0,1
5702,Male,41,10702,26,Healthcare,7,7
5703,Male,22,10703,40,,5,7
5704,Male,5,10704,89,Entertainment,7,7
5705,Female,38,10705,2,Artist,6,1
5706,Female,88,10706,7,Engineer,0,5
5707,Male,56,10707,100,Artist,6,6
5708,Male,47,10708,8,Executive,0,4
5709,Male,4,10709,93,Homemaker,2,1
5710,Male,82,10710,76,Entertainment,9,7
5711,Female,31,10711,71,Lawyer,1,2
5712,Female,69,10712,83,Healthcare,1,6
5713,Male,62,10713,75,Doctor,1,1
5714,Female,54,10714,10,Artist,0,2
5715,Female,60,10715,49,Marketing,1,2
5716,Female,31,10716,32,Artist,1,7
5717,Female,17,10717,62,Healthcare,6,4
5718,Female,15,10718,34,Healthcare,9,7
5719,Female,37,10719,21,Healthcare,7,6
5720,Male,36,10720,37,Executive,0,3
5721,Female,27,10721,20,Entertainment,0,4
5722,Female,11,10722,21,Engineer,7,4
5723,Male,83,10723,50,Entertainment,8,5
5724,Female,71,10724,43,Marketing,2,1
5725,Female,20,10725,79,Doctor,0,1
5726,Male,3,10726,1,Executive,1,6
5727,Male,52,10727,4,Engineer,0,1
5728,Male,75,10728,61,Healthcare,1,2
5729,Male,36,10729,42,Artist,0,2
5730,Male,60,10730,69,Entertainment,7,1
5731,Male,8,10731,71,Healthcare,1,3
5732,Female,9,10732,86,Artist,1,2
5733,Female,41,10733,52,Entertainment,0,6
5734,Male,38,10734,11,Healthcare,7,4
5735,Female,69,10735,27,Executive,1,6
5736,Female,33,10736,53,Executive,5,5
5737,Male,64,10737,6,Healthcare,3,3
5738,Male,19,10738,49,Engineer,1,1
5739,Female,88,10739,74,Artist,0,3
5740,Female,91,10740,59,Engineer,9,3
5741,Male,84,10741,27,Engineer,2,1
5742,Female,43,10742,56,Entertainment,4,1
5743,Female,30,10743,49,Engineer,1,4
5744,Male,16,10744,69,Healthcare,1,4
5745,Male,89,10745,27,Entertainment,0,7
5746,Male,5,10746,37,Artist,1,3
5747,Female,54,10747,10,Entertainment,0,3
5748,Female,41,10748,28,Artist,4,5
5749,Male,80,10749,97,Artist,6,6
5750,Male,37,10750,3,Healthcare,10,1
5751,Male,87,10751,31,Healthcare,0,7
5752,Female,50,10752,85,Entertainment,1,4
5753,Female,14,10753,46,Lawyer,0,6
5754,Female,17,10754,3,Marketing,1,1
5755,Female,98,10755,55,Artist,1,6
5756,Male,3,10756,53,Engineer,8,3
5757,Female,83,10757,26,Engineer,1,5
5758,Male,13,10758,36,Artist,6,6
5759,Female,46,10759,64,Entertainment,8,6
5760,Female,25,10760,17,Healthcare,4,6
5761,Female,4,10761,49,Artist,7,5
5762,Male,64,10762,67,Lawyer,0,2
5763,Female,84,10763,71,Doctor,1,4
5764,Male,12,10764,90,Artist,0,2
5765,Female,56,10765,78,Engineer,0,2
5766,Male,58,10766,60,Entertainment,8,1
5767,Female,0,10767,22,Marketing,1,7
5768,Female,25,10768,84,Engineer,1,3
5769,Male,28,10769,25,Healthcare,9,6
5770,Male,78,10770,29,Engineer,0,5
5771,Male,56,10771,57,Entertainment,6,3
5772,Male,91,10772,54,Artist,0,2
5773,Male,77,10773,84,Entertainment,0,7
5774,Female,83,10774,38,Artist,3,7
5775,Female,64,10775,39,Artist,9,2
5776,Male,19,10776,73,Entertainment,0,6
5777,Male,94,10777,52,Engineer,10,2
5778,Male,19,10778,35,Marketing,1,2
5779,Male,84,10779,25,Entertainment,1,7
5780,Female,10,10780,10,Healthcare,2,3
5781,Female,19,10781,70,Artist,0,1
5782,Male,74,10782,29,Engineer,7,4
5783,Female,95,10783,42,Artist,1,2
5784,Female,34,10784,93,Homemaker,1,4
5785,Male,30,10785,7,Artist,2,6
5786,Female,53,10786,24,Entertainment,2,6
5787,Male,67,10787,2,Artist,1,6
5788,Female,23,10788,23,Homemaker,9,6
5789,Female,25,10789,79,Entertainment,1,2
5790,Female,84,10790,11,Lawyer,1,4
5791,Female,1,10791,17,Artist,1,7
5792,Male,70,10792,42,Entertainment,4,4
5793,Female,56,10793,17,Healthcare,7,2
5794,Female,0,10794,86,Lawyer,1,7
5795,Female,91,10795,29,Doctor,9,1
5796,Female,81,10796,29,Entertainment,3,5
5797,Male,33,10797,77,Executive,0,1
5798,Male,75,10798,13,Artist,1,4
5799,Male,11,10799,84,Executive,1,2
5800,Female,61,10800,50,Artist,0,3
5801,Male,81,10801,36,,5,7
5802,Female,62,10802,78,Marketing,0,4
5803,Female,44,10803,32,Artist,4,5
5804,Female,67,10804,92,Healthcare,8,4
5805,Female,30,10805,69,Healthcare,0,3
5806,Female,92,10806,26,Artist,1,1
5807,Male,25,10807,84,Entertainment,1,7
5808,Female,61,10808,51,Healthcare,0,4
5809,Female,72,10809,57,Executive,0,7
5810,Female,89,10810,52,Artist,1,6
5811,Female,37,10811,44,Executive,0,2
5812,Male,59,10812,51,Executive,8,7
5813,Male,41,10813,36,Entertainment,1,3
5814,Male,60,10814,37,Doctor,1,2
5815,Female,81,10815,73,Entertainment,1,6
5816,Male,85,10816,42,Homemaker,8,2
5817,Female,91,10817,71,,0,7
5818,Female,65,10818,12,Doctor,6,4
5819,Female,19,10819,48,Healthcare,6,7
5820,Female,78,10820,9,Artist,10,7
5821,Female,0,10821,28,Marketing,7,3
5822,Male,26,10822,21,Entertainment,6,1
5823,Female,2,10823,100,Entertainment,8,1
5824,Female,60,10824,55,Healthcare,7,2
5825,Female,67,10825,25,Artist,4,1
5826,Female,4,10826,40,Homemaker,4,5
5827,Male,7,10827,58,Engineer,8,1
5828,Male,28,10828,36,Artist,4,7
5829,Male,67,10829,75,Artist,0,7
5830,Female,30,10830,61,Executive,1,1
5831,Male,38,10831,39,Marketing,13,4
5832,Female,40,10832,34,Engineer,1,7
5833,Female,6,10833,83,Lawyer,1,7
5834,Female,3,10834,45,Executive,4,5
5835,Female,51,10835,60,Healthcare,7,6
5836,Male,63,10836,57,Healthcare,0,2
5837,Male,65,10837,8,Artist,0,7
5838,Male,44,10838,68,Doctor,1,3
5839,Female,90,10839,63,Healthcare,0,7
5840,Male,76,10840,49,Healthcare,1,6
5841,Female,62,10841,54,Healthcare,0,2
5842,Female,5,10842,69,Doctor,14,6
5843,Female,67,10843,38,Artist,12,2
5844,Female,38,10844,45,Healthcare,8,1
5845,Female,31,10845,21,Healthcare,9,7
5846,Male,2,10846,51,Entertainment,9,3
5847,Female,82,10847,38,Lawyer,5,7
5848,Female,66,10848,26,Healthcare,4,1
5849,Female,75,10849,32,Healthcare,8,1
5850,Male,69,10850,32,,7,2
5851,Female,62,10851,86,Healthcare,6,1
5852,Female,0,10852,41,Lawyer,7,1
5853,Female,11,10853,42,Executive,1,3
5854,Female,22,10854,23,Artist,1,3
5855,Male,76,10855,23,Lawyer,0,1
5856,Male,85,10856,46,Engineer,0,6
5857,Male,21,10857,16,Marketing,14,3
5858,Female,64,10858,48,Healthcare,1,4
5859,Male,94,10859,34,Healthcare,0,3
5860,Female,83,10860,22,Lawyer,4,4
5861,Female,93,10861,50,Marketing,0,3
5862,Female,12,10862,46,Artist,8,7
5863,Female,0,10863,10,Engineer,0,2
5864,Female,79,10864,9,Marketing,12,5
5865,Male,90,10865,49,Artist,5,6
5866,Female,45,10866,77,Doctor,0,2
5867,Female,82,10867,52,Marketing,8,7
5868,Female,57,10868,14,Healthcare,1,4
5869,Female,43,10869,6,Entertainment,1,2
5870,Male,63,10870,65,Engineer,6,2
5871,Female,62,10871,13,Artist,0,6
5872,Female,43,10872,80,Homemaker,9,4
5873,Female,34,10873,98,Healthcare,1,4
5874,Female,30,10874,22,Artist,2,2
5875,Male,97,10875,42,Entertainment,10,4
5876,Male,68,10876,37,Artist,0,4
5877,Male,16,10877,67,Artist,1,2
5878,Female,15,10878,86,Healthcare,9,7
5879,Male,25,10879,48,Executive,0,2
5880,Female,29,10880,24,Artist,6,4
5881,Female,85,10881,75,Artist,6,4
5882,Female,30,10882,38,Doctor,7,7
5883,Female,13,10883,92,Healthcare,0,4
5884,Female,88,10884,90,Executive,6,4
5885,Male,5,10885,65,Artist,9,2
5886,Female,95,10886,61,Artist,0,1
5887,Female,92,10887,66,Executive,5,2
5888,Female,63,10888,89,Engineer,1,2
5889,Female,75,10889,73,Marketing,1,5
5890,Male,67,10890,71,Artist,5,7
5891,Female,58,10891,48,Engineer,8,7
5892,Male,52,10892,31,Entertainment,8,3
5893,Female,85,10893,68,Artist,1,5
5894,Female,31,10894,89,Doctor,1,1
5895,Female,84,10895,60,Artist,10,6
5896,Female,93,10896,3,Marketing,10,2
5897,Male,18,10897,81,Lawyer,7,3
5898,Male,73,10898,39,Lawyer,10,1
5899,Male,3,10899,42,Healthcare,8,7
5900,Male,1,10900,17,Lawyer,7,3
5901,Male,53,10901,62,Doctor,4,2
5902,Female,75,10902,28,Artist,7,6
5903,Female,15,10903,37,,9,7
5904,Female,47,10904,57,Healthcare,6,6
5905,Female,66,10905,8,Healthcare,10,3
5906,Female,17,10906,100,Artist,8,4
5907,Female,1,10907,14,Artist,9,6
5908,Male,16,10908,50,Marketing,4,6
5909,Female,52,10909,94,Homemaker,8,7
5910,Male,21,10910,19,Artist,5,1
5911,Female,19,10911,46,Homemaker,7,2
5912,Female,29,10912,23,Engineer,7,6
5913,Female,40,10913,93,Artist,5,7
5914,Male,76,10914,41,Healthcare,1,2
5915,Male,91,10915,20,Engineer,0,4
5916,Female,24,10916,13,Artist,1,3
5917,Male,4,10917,60,Artist,9,1
5918,Male,90,10918,69,Artist,0,2
5919,Female,56,10919,65,Engineer,0,1
5920,Male,14,10920,17,Lawyer,1,3
5921,Male,52,10921,12,Artist,0,6
5922,Female,14,10922,3,Artist,1,3
5923,Male,30,10923,16,Artist,0,7
5924,Female,70,10924,60,Artist,8,5
5925,Male,14,10925,78,Healthcare,4,6
5926,Female,95,10926,97,Healthcare,0,6
5927,Male,25,10927,87,,0,3
5928,Female,95,10928,10,Entertainment,1,3
5929,Female,12,10929,97,Executive,1,3
5930,Male,82,10930,55,Entertainment,10,3
5931,Female,2,10931,81,Artist,1,6
5932,Male,51,10932,86,Engineer,1,1
5933,Male,63,10933,11,Healthcare,0,7
5934,Female,30,10934,6,Artist,1,3
5935,Female,68,10935,81,Artist,5,7
5936,Female,21,10936,1,Healthcare,0,6
5937,Female,99,10937,72,Entertainment,6,3
5938,Female,0,10938,73,Artist,9,5
5939,Female,80,10939,1,Entertainment,4,4
5940,Female,51,10940,29,Healthcare,0,2
5941,Male,18,10941,82,Artist,3,6
5942,Male,43,10942,17,Artist,3,3
5943,Female,29,10943,54,Lawyer,10,6
5944,Female,20,10944,8,Lawyer,1,1
5945,Female,39,10945,37,Artist,6,6
5946,Female,9,10946,69,Marketing,9,5
5947,Female,45,10947,39,Artist,9,4
5948,Female,65,10948,64,Artist,0,1
5949,Female,64,10949,52,Healthcare,0,4
5950,Female,81,10950,23,Entertainment,5,4
5951,Male,54,10951,24,Entertainment,0,7
5952,Female,32,10952,36,Artist,0,4
5953,Male,29,10953,71,Doctor,11,4
5954,Female,25,10954,93,Artist,0,2
5955,Male,5,10955,82,Entertainment,1,1
5956,Female,55,10956,49,Healthcare,8,2
5957,Male,12,10957,14,Healthcare,6,3
5958,Female,81,10958,48,Entertainment,9,6
5959,Male,87,10959,63,Engineer,4,4
5960,Male,12,10960,97,Artist,7,3
5961,Male,91,10961,4,Lawyer,7,1
5962,Female,63,10962,79,Artist,6,1
5963,Female,97,10963,54,Homemaker,8,7
5964,Male,89,10964,52,Healthcare,6,3
5965,Male,59,10965,56,Engineer,9,1
5966,Female,26,10966,2,Homemaker,5,4
5967,Female,5,10967,98,Doctor,5,1
5968,Male,32,10968,49,Healthcare,1,7
5969,Female,98,10969,41,Engineer,6,1
5970,Male,31,10970,30,Artist,3,6
5971,Female,59,10971,57,Artist,4,5
5972,Female,80,10972,34,Entertainment,0,2
5973,Female,12,10973,3,Marketing,1,2
5974,Male,80,10974,23,Engineer,0,2
5975,Male,59,10975,87,Entertainment,0,5
5976,Female,56,10976,17,Artist,1,2
5977,Male,18,10977,11,Doctor,1,3
5978,Female,66,10978,19,Artist,1,4
5979,Female,67,10979,62,Engineer,2,3
5980,Male,39,10980,51,Lawyer,0,7
5981,Male,23,10981,97,Healthcare,7,6
5982,Male,47,10982,61,Executive,1,6
5983,Female,41,10983,5,Homemaker,9,7
5984,Female,40,10984,23,Healthcare,0,5
5985,Male,36,10985,53,Artist,8,3
5986,Female,12,10986,40,Entertainment,1,2
5987,Female,60,10987,47,Entertainment,0,2
5988,Female,24,10988,84,Executive,3,5
5989,Female,17,10989,96,Artist,9,3
5990,Female,92,10990,51,Executive,1,3
5991,Male,32,10991,93,Artist,1,2
5992,Male,39,10992,24,Doctor,13,6
5993,Female,50,10993,53,Artist,9,2
5994,Female,85,10994,74,Engineer,0,4
5995,Male,65,10995,65,Healthcare,2,3
5996,Female,17,10996,36,Artist,4,3
5997,Female,31,10997,22,Entertainment,10,4
5998,Male,24,10998,95,Artist,11,3
5999,Male,97,10999,75,Entertainment,0,1
6000,Female,92,11000,11,Entertainment,0,4
6001,Female,80,11001,5,Artist,5,6
6002,Male,33,11002,45,Healthcare,2,5
6003,Male,8,11003,45,Lawyer,1,6
6004,Male,67,11004,3,Healthcare,4,4
6005,Female,8,11005,6,Artist,0,2
6006,Female,61,11006,60,Lawyer,0,6
6007,Male,83,11007,49,Artist,9,7
6008,Male,8,11008,98,Healthcare,8,6
6009,Male,69,11009,67,,0,5
6010,Male,14,11010,59,Entertainment,1,6
6011,Female,80,11011,62,Executive,0,4
6012,Female,85,11012,22,Artist,8,4
6013,Male,88,11013,56,Artist,1,5
6014,Female,76,11014,13,Executive,7,3
6015,Female,32,11015,60,Entertainment,4,4
6016,Female,99,11016,83,Entertainment,1,7
6017,Female,85,11017,39,Artist,2,5
6018,Female,25,11018,22,Lawyer,1,7
6019,Female,99,11019,94,Executive,1,5
6020,Male,41,11020,91,Healthcare,1,5
6021,Female,1,11021,59,Artist,2,2
6022,Female,45,11022,51,Healthcare,1,3
6023,Male,55,11023,82,Healthcare,0,5
6024,Female,20,11024,25,Marketing,0,3
6025,Female,33,11025,31,Artist,1,2
6026,Male,92,11026,75,Entertainment,1,5
6027,Male,93,11027,52,Engineer,0,4
6028,Male,60,11028,38,Artist,5,2
6029,Male,38,11029,17,Doctor,3,2
6030,Male,15,11030,87,Artist,2,5
6031,Male,74,11031,16,Artist,1,5
6032,Female,47,11032,76,Executive,0,1
6033,Female,96,11033,81,Doctor,9,5
6034,Male,97,11034,65,Healthcare,4,5
6035,Female,35,11035,51,Healthcare,1,4
6036,Female,19,11036,38,Marketing,0,3
6037,Male,60,11037,98,Engineer,1,6
6038,Male,37,11038,53,Entertainment,11,3
6039,Female,49,11039,77,Artist,1,7
6040,Female,1,11040,80,Entertainment,8,5
6041,Male,43,11041,38,Artist,1,4
6042,Female,46,11042,50,Artist,1,6
6043,Female,65,11043,87,Artist,6,3
6044,Male,75,11044,27,Healthcare,6,7
6045,Male,40,11045,39,Entertainment,5,6
6046,Male,28,11046,31,Engineer,1,4
6047,Female,78,11047,44,Doctor,0,3
6048,Female,22,11048,49,Artist,9,5
6049,Male,6,11049,83,Entertainment,1,3
6050,Male,46,11050,1,Entertainment,0,6
6051,Male,17,11051,84,Doctor,1,3
6052,Female,46,11052,37,Entertainment,1,2
6053,Female,72,11053,99,Artist,7,4
6054,Female,38,11054,66,Artist,8,6
6055,Female,50,11055,56,Artist,1,1
6056,Male,47,11056,81,Healthcare,1,2
6057,Female,72,11057,21,Homemaker,8,4
6058,Male,8,11058,57,Doctor,1,6
6059,Female,34,11059,24,Artist,0,4
6060,Female,53,11060,82,Healthcare,0,6
6061,Female,82,11061,88,Executive,0,1
6062,Male,63,11062,40,Artist,9,6
6063,Female,58,11063,37,Doctor,9,4
6064,Male,23,11064,21,Marketing,1,1
6065,Female,80,11065,30,Artist,1,6
6066,Male,45,11066,45,Doctor,1,4
6067,Female,30,11067,46,,1,4
6068,Female,84,11068,12,Artist,0,7
6069,Male,45,11069,87,Artist,4,4
6070,Male,85,11070,18,Entertainment,1,3
6071,Male,23,11071,87,Artist,1,4
6072,Male,79,11072,75,Healthcare,1,7
6073,Male,47,11073,72,Entertainment,1,5
6074,Female,93,11074,71,Doctor,0,3
6075,Female,95,11075,81,Entertainment,2,5
6076,Male,44,11076,70,Entertainment,1,6
6077,Male,95,11077,66,Entertainment,0,1
6078,Male,28,11078,45,Engineer,8,4
6079,Male,91,11079,95,Engineer,0,5
6080,Female,81,11080,1,Engineer,9,5
6081,Female,90,11081,16,Artist,8,7
6082,Male,79,11082,77,Entertainment,0,4
6083,Female,6,11083,28,Artist,1,1
6084,Female,38,11084,24,Lawyer,1,1
6085,Male,87,11085,15,Healthcare,8,1
6086,Female,93,11086,13,Engineer,1,7
6087,Male,44,11087,84,Engineer,0,3
6088,Female,10,11088,78,,0,3
6089,Female,84,11089,27,Artist,0,3
6090,Female,7,11090,94,Executive,3,4
6091,Female,41,11091,86,Artist,0,6
6092,Male,87,11092,3,,7,5
6093,Female,33,11093,55,Artist,0,2
6094,Female,34,11094,62,Healthcare,1,2
6095,Female,53,11095,56,Healthcare,10,2
6096,Female,47,11096,57,Healthcare,0,3
6097,Male,53,11097,3,Doctor,1,6
6098,Male,92,11098,4,Artist,1,1
6099,Male,89,11099,59,Artist,12,7
6100,Female,27,11100,54,Entertainment,0,4
6101,Male,70,11101,41,Entertainment,9,3
6102,Female,86,11102,57,Engineer,5,6
6103,Female,99,11103,50,Entertainment,1,2
6104,Female,96,11104,84,Entertainment,2,7
6105,Female,65,11105,55,Artist,1,5
6106,Female,82,11106,34,Executive,0,5
6107,Male,36,11107,85,Engineer,6,7
6108,Female,30,11108,46,Lawyer,0,6
6109,Female,96,11109,56,Healthcare,0,5
6110,Female,69,11110,30,Engineer,9,7
6111,Female,34,11111,14,Healthcare,0,6
6112,Male,74,11112,25,Artist,4,1
6113,Male,97,11113,93,Lawyer,1,5
6114,Male,56,11114,49,Engineer,0,7
6115,Female,30,11115,44,Artist,0,1
6116,Male,13,11116,49,Executive,1,3
6117,Female,95,11117,16,Engineer,11,5
6118,Female,2,11118,42,Executive,1,7
6119,Female,78,11119,43,Executive,9,4
6120,Female,54,11120,12,Entertainment,1,2
6121,Female,85,11121,26,Healthcare,7,4
6122,Male,13,11122,71,Artist,1,2
6123,Female,85,11123,99,Artist,8,2
6124,Female,41,11124,97,Artist,1,4
6125,Female,25,11125,57,Marketing,2,4
6126,Female,74,11126,41,Artist,5,1
6127,Male,8,11127,55,Healthcare,0,6
6128,Male,62,11128,32,Artist,10,6
6129,Male,52,11129,10,Artist,1,6
6130,Female,36,11130,56,Healthcare,5,2
6131,Male,11,11131,24,Lawyer,0,3
6132,Female,84,11132,83,Artist,1,3
6133,Female,99,11133,99,Lawyer,0,5
6134,Female,51,11134,27,Artist,0,6
6135,Female,57,11135,52,Artist,1,7
6136,Male,92,11136,42,Healthcare,6,2
6137,Male,29,11137,100,Entertainment,7,3
6138,Male,62,11138,49,Entertainment,1,4
6139,Female,43,11139,90,Entertainment,0,4
6140,Male,72,11140,26,Marketing,0,1
6141,Female,28,11141,88,Artist,6,3
6142,Female,57,11142,3,Executive,5,4
6143,Female,86,11143,91,Lawyer,9,6
6144,Female,26,11144,7,Lawyer,1,6
6145,Female,13,11145,40,Marketing,9,3
6146,Male,1,11146,68,Artist,1,5
6147,Female,89,11147,64,Homemaker,2,3
6148,Female,91,11148,96,Healthcare,0,5
6149,Female,67,11149,63,Marketing,1,7
6150,Male,63,11150,51,Lawyer,0,4
6151,Female,90,11151,62,Healthcare,0,6
6152,Female,87,11152,97,Executive,1,6
6153,Female,89,11153,55,Healthcare,1,2
6154,Female,34,11154,60,Artist,0,6
6155,Male,89,11155,82,Healthcare,0,3
6156,Male,31,11156,24,Engineer,1,6
6157,Male,55,11157,93,Doctor,2,3
6158,Female,3,11158,4,Healthcare,9,2
6159,Male,64,11159,84,Healthcare,3,1
6160,Female,1,11160,97,Doctor,0,3
6161,Female,20,11161,21,Healthcare,7,4
6162,Female,18,11162,29,Artist,7,4
6163,Female,83,11163,20,Healthcare,4,6
6164,Female,21,11164,3,Healthcare,1,1
6165,Male,19,11165,18,Artist,4,1
6166,Female,74,11166,48,Artist,9,6
6167,Female,44,11167,54,Artist,0,1
6168,Female,52,11168,19,Artist,5,2
6169,Female,14,11169,30,Engineer,1,6
6170,Male,10,11170,66,Entertainment,1,5
6171,Female,80,11171,50,Lawyer,1,2
6172,Female,82,11172,84,Executive,0,2
6173,Female,32,11173,75,Artist,6,3
6174,Female,16,11174,83,Artist,4,1
6175,Male,61,11175,23,Executive,0,6
6176,Male,57,11176,23,Artist,0,1
6177,Male,95,11177,45,Engineer,1,2
6178,Female,38,11178,98,Artist,8,3
6179,Male,70,11179,38,Lawyer,1,6
6180,Female,40,11180,91,Artist,5,2
6181,Female,92,11181,32,Executive,1,6
6182,Female,73,11182,18,Entertainment,8,7
6183,Female,62,11183,14,Healthcare,0,1
6184,Female,12,11184,78,Doctor,11,6
6185,Male,65,11185,93,Healthcare,1,7
6186,Female,88,11186,81,Artist,2,2
6187,Female,55,11187,54,Entertainment,1,6
6188,Female,99,11188,14,,2,5
6189,Female,20,11189,32,Entertainment,1,5
6190,Male,97,11190,32,Artist,7,4
6191,Female,93,11191,43,Artist,9,6
6192,Male,84,11192,83,Artist,6,2
6193,Female,16,11193,76,Executive,2,6
6194,Female,10,11194,57,Doctor,4,7
6195,Female,59,11195,38,Doctor,1,2
6196,Female,54,11196,35,Entertainment,0,5
6197,Male,82,11197,47,Artist,1,4
6198,Male,83,11198,53,Artist,1,6
6199,Male,87,11199,10,Executive,9,4
6200,Male,1,11200,47,Artist,0,1
6201,Male,89,11201,5,Healthcare,6,1
6202,Female,32,11202,49,Artist,0,2
6203,Female,1,11203,69,Entertainment,0,3
6204,Female,54,11204,66,Doctor,12,5
6205,Female,56,11205,76,Healthcare,0,6
6206,Female,31,11206,81,Executive,4,7
6207,Female,26,11207,33,Healthcare,0,5
6208,Male,7,11208,65,Doctor,1,3
6209,Female,60,11209,9,Artist,1,2
6210,Male,92,11210,74,Artist,8,5
6211,Female,93,11211,41,Artist,1,5
6212,Female,8,11212,79,Healthcare,0,1
6213,Female,81,11213,81,Lawyer,0,6
6214,Male,21,11214,22,Entertainment,4,2
6215,Male,96,11215,12,Artist,0,7
6216,Female,78,11216,81,Artist,3,3
6217,Male,86,11217,63,Artist,1,2
6218,Male,1,11218,55,Healthcare,1,1
6219,Female,62,11219,44,Artist,1,6
6220,Male,68,11220,6,Lawyer,1,3
6221,Male,70,11221,76,Artist,0,4
6222,Female,21,11222,8,Healthcare,0,4
6223,Male,74,11223,18,,8,5
6224,Female,62,11224,66,Executive,0,2
6225,Male,22,11225,45,Homemaker,0,3
6226,Female,87,11226,45,Entertainment,14,2
6227,Male,44,11227,42,Healthcare,9,5
6228,Female,27,11228,52,Engineer,8,6
6229,Female,95,11229,46,Artist,4,6
6230,Male,89,11230,47,Artist,9,2
6231,Female,41,11231,13,Healthcare,1,3
6232,Male,41,11232,49,Doctor,14,5
6233,Male,21,11233,21,Entertainment,11,7
6234,Female,59,11234,98,Artist,1,1
6235,Female,64,11235,67,Healthcare,1,7
6236,Female,38,11236,82,Marketing,0,4
6237,Female,70,11237,23,Executive,4,3
6238,Female,25,11238,73,Executive,1,5
6239,Female,3,11239,59,Homemaker,3,1
6240,Female,70,11240,8,Marketing,1,4
6241,Male,29,11241,78,Doctor,9,5
6242,Male,88,11242,13,Artist,3,3
6243,Female,20,11243,18,Healthcare,1,3
6244,Female,58,11244,44,Engineer,0,6
6245,Female,70,11245,94,Engineer,0,5
6246,Female,44,11246,81,Lawyer,1,5
6247,Female,87,11247,83,Doctor,0,3
6248,Female,0,11248,63,Entertainment,0,7
6249,Female,96,11249,4,Artist,9,6
6250,Female,75,11250,33,Doctor,9,4
6251,Male,14,11251,69,Executive,0,1
6252,Female,8,11252,86,Entertainment,1,1
6253,Male,58,11253,75,Doctor,0,3
6254,Female,5,11254,47,Engineer,0,6
6255,Male,70,11255,23,Engineer,0,5
6256,Female,49,11256,72,Healthcare,3,3
6257,Male,60,11257,20,Engineer,0,5
6258,Female,25,11258,48,Lawyer,1,5
6259,Male,47,11259,17,Artist,0,3
6260,Male,53,11260,62,Homemaker,12,7
6261,Male,24,11261,61,Healthcare,1,5
6262,Female,46,11262,3,Homemaker,9,2
6263,Female,70,11263,31,Lawyer,1,1
6264,Male,53,11264,10,Artist,14,3
6265,Male,63,11265,47,Lawyer,0,5
6266,Female,24,11266,44,Artist,1,6
6267,Female,5,11267,49,Entertainment,1,3
6268,Male,7,11268,50,Artist,8,7
6269,Female,71,11269,41,Doctor,1,6
6270,Male,23,11270,50,Entertainment,4,5
6271,Female,0,11271,81,Entertainment,1,6
6272,Female,2,11272,87,Healthcare,0,4
6273,Female,72,11273,4,Artist,1,4
6274,Male,18,11274,84,Doctor,0,4
6275,Male,11,11275,59,Engineer,6,4
6276,Female,95,11276,30,Artist,1,7
6277,Male,20,11277,88,Engineer,0,4
6278,Female,58,11278,70,Healthcare,1,7
6279,Female,67,11279,36,Healthcare,0,2
6280,Male,43,11280,18,Healthcare,9,6
6281,Male,36,11281,19,Artist,0,6
6282,Male,2,11282,43,Executive,8,4
6283,Female,35,11283,48,Engineer,0,7
6284,Female,81,11284,81,Entertainment,3,4
6285,Male,84,11285,76,Artist,0,3
6286,Female,18,11286,13,Entertainment,0,2
6287,Female,54,11287,4,Homemaker,8,4
6288,Female,98,11288,81,Artist,12,7
6289,Female,75,11289,42,Executive,9,4
6290,Female,98,11290,23,Artist,0,4
6291,Male,94,11291,25,Entertainment,0,2
6292,Male,24,11292,63,Artist,5,3
6293,Female,47,11293,89,Artist,6,2
6294,Female,40,11294,55,Engineer,1,4
6295,Male,68,11295,4,Artist,9,1
6296,Female,18,11296,74,Artist,2,2
6297,Female,83,11297,82,Healthcare,0,6
6298,Male,34,11298,46,Lawyer,1,3
6299,Male,81,11299,56,Artist,10,5
6300,Female,61,11300,43,Artist,1,3
6301,Female,77,11301,61,Healthcare,5,3
6302,Male,52,11302,20,Doctor,1,6
6303,Male,40,11303,11,Doctor,1,6
6304,Male,93,11304,26,Artist,8,6
6305,Female,45,11305,96,Healthcare,1,2
6306,Female,83,11306,3,Artist,1,1
6307,Male,23,11307,25,Lawyer,0,7
6308,Male,15,11308,92,Healthcare,0,7
6309,Male,79,11309,20,Entertainment,6,6
6310,Male,80,11310,79,Doctor,1,5
6311,Female,35,11311,15,Entertainment,0,4
6312,Female,39,11312,78,Healthcare,2,5
6313,Male,4,11313,28,Entertainment,0,4
6314,Female,83,11314,93,Healthcare,4,7
6315,Female,94,11315,39,Healthcare,0,4
6316,Female,33,11316,17,,1,2
6317,Female,12,11317,96,Artist,10,5
6318,Female,77,11318,13,Lawyer,1,2
6319,Female,48,11319,69,Doctor,8,4
6320,Male,97,11320,58,Artist,4,5
6321,Female,28,11321,91,Artist,4,7
6322,Female,99,11322,74,Marketing,7,2
6323,Male,27,11323,31,Artist,9,3
6324,Female,95,11324,84,Lawyer,6,2
6325,Female,6,11325,83,Artist,6,2
6326,Male,18,11326,49,Executive,6,5
6327,Male,42,11327,89,Artist,6,4
6328,Male,50,11328,41,Artist,9,7
6329,Male,86,11329,7,Homemaker,5,5
6330,Male,69,11330,49,Lawyer,5,4
6331,Male,23,11331,76,Artist,10,3
6332,Female,82,11332,46,Healthcare,7,1
6333,Female,97,11333,58,Artist,7,4
6334,Male,42,11334,64,,7,6
6335,Female,75,11335,5,Doctor,5,5
6336,Female,14,11336,9,Healthcare,8,1
6337,Male,3,11337,30,Doctor,8,1
6338,Male,16,11338,82,Healthcare,6,2
6339,Female,45,11339,36,Entertainment,5,2
6340,Female,23,11340,56,Artist,1,5
6341,Male,38,11341,62,Executive,9,3
6342,Female,45,11342,96,Artist,0,5
6343,Female,82,11343,92,Artist,1,1
6344,Male,73,11344,44,Entertainment,3,1
6345,Male,36,11345,41,Entertainment,1,7
6346,Male,13,11346,81,Healthcare,1,4
6347,Female,96,11347,100,Healthcare,8,1
6348,Female,83,11348,3,Healthcare,0,4
6349,Male,33,11349,75,Artist,0,4
6350,Male,68,11350,60,Engineer,1,5
6351,Male,88,11351,34,Lawyer,0,1
6352,Female,87,11352,12,Doctor,1,6
6353,Female,88,11353,80,Artist,6,6
6354,Female,43,11354,67,Marketing,1,7
6355,Female,64,11355,92,Artist,10,6
6356,Male,96,11356,42,Entertainment,1,6
6357,Female,72,11357,70,Doctor,1,7
6358,Male,48,11358,27,Artist,2,7
6359,Female,64,11359,11,Artist,1,6
6360,Female,8,11360,81,Doctor,0,2
6361,Female,52,11361,70,Engineer,1,7
6362,Male,3,11362,39,Healthcare,1,2
6363,Female,44,11363,62,Artist,4,1
6364,Male,14,11364,14,Healthcare,8,4
6365,Female,50,11365,45,Doctor,1,2
6366,Male,53,11366,1,Healthcare,1,2
6367,Female,31,11367,100,Lawyer,0,3
6368,Female,31,11368,94,Engineer,4,3
6369,Male,97,11369,42,Doctor,4,7
6370,Male,27,11370,66,Lawyer,4,6
6371,Male,2,11371,99,Lawyer,6,5
6372,Male,81,11372,60,Artist,7,6
6373,Male,64,11373,73,Artist,10,5
6374,Female,11,11374,59,Lawyer,10,2
6375,Female,78,11375,67,Healthcare,7,7
6376,Male,72,11376,39,Engineer,8,1
6377,Male,36,11377,84,Doctor,5,7
6378,Male,97,11378,67,Artist,5,5
6379,Male,88,11379,18,Artist,7,3
6380,Female,21,11380,91,Artist,7,5
6381,Female,62,11381,88,Artist,5,4
6382,Male,73,11382,57,Entertainment,10,5
6383,Female,34,11383,4,Marketing,4,6
6384,Female,50,11384,72,,5,1
6385,Male,39,11385,19,Artist,5,4
6386,Female,82,11386,47,Lawyer,8,2
6387,Male,39,11387,1,Lawyer,4,6
6388,Female,13,11388,49,Artist,6,7
6389,Female,68,11389,87,Healthcare,5,3
6390,Female,77,11390,50,Healthcare,6,6
6391,Female,35,11391,30,Doctor,10,1
6392,Male,5,11392,43,Healthcare,0,6
6393,Female,47,11393,58,Engineer,1,1
6394,Female,48,11394,93,Artist,7,2
6395,Female,34,11395,40,Artist,0,5
6396,Female,20,11396,91,Healthcare,1,1
6397,Male,61,11397,94,Healthcare,10,1
6398,Male,16,11398,68,Artist,9,6
6399,Male,2,11399,95,Executive,1,2
6400,Female,52,11400,95,Executive,10,1
6401,Male,99,11401,20,Healthcare,1,4
6402,Female,84,11402,62,Entertainment,0,6
6403,Female,58,11403,94,Engineer,4,2
6404,Female,91,11404,57,Doctor,0,2
6405,Female,1,11405,92,Doctor,0,2
6406,Female,67,11406,94,Engineer,1,7
6407,Male,56,11407,87,Artist,0,2
6408,Female,62,11408,53,Entertainment,1,7
6409,Female,12,11409,52,Doctor,0,6
6410,Female,38,11410,24,Executive,9,7
6411,Female,51,11411,83,Executive,1,5
6412,Male,20,11412,73,Artist,1,1
6413,Male,43,11413,31,Entertainment,1,2
6414,Male,93,11414,90,Engineer,0,6
6415,Female,54,11415,30,Healthcare,0,3
6416,Male,23,11416,74,Healthcare,7,7
6417,Female,1,11417,27,,3,4
6418,Female,64,11418,90,Healthcare,8,3
6419,Female,55,11419,30,Engineer,5,5
6420,Female,85,11420,78,Executive,0,6
6421,Female,20,11421,39,Healthcare,5,5
6422,Male,73,11422,42,Executive,8,4
6423,Female,53,11423,55,Executive,0,1
6424,Female,7,11424,89,Artist,8,7
6425,Female,50,11425,48,Entertainment,1,3
6426,Female,12,11426,99,Artist,0,6
6427,Male,37,11427,29,Executive,1,5
6428,Male,78,11428,89,Doctor,9,2
6429,Male,29,11429,40,Marketing,10,2
6430,Female,54,11430,58,Lawyer,10,7
6431,Male,89,11431,18,Doctor,10,2
6432,Female,25,11432,98,Artist,6,6
6433,Female,14,11433,46,Artist,7,3
6434,Female,12,11434,24,Healthcare,6,2
6435,Female,18,11435,1,Artist,6,2
6436,Male,74,11436,43,Entertainment,5,5
6437,Male,21,11437,42,Healthcare,5,5
6438,Male,9,11438,88,Artist,9,7
6439,Female,49,11439,57,Artist,5,6
6440,Male,58,11440,99,Artist,5,4
6441,Female,16,11441,5,Healthcare,10,7
6442,Female,55,11442,56,Engineer,7,3
6443,Female,31,11443,10,Lawyer,9,1
6444,Female,59,11444,27,Marketing,6,4
6445,Female,25,11445,3,Artist,8,6
6446,Male,63,11446,90,Artist,6,1
6447,Female,60,11447,27,Healthcare,6,5
6448,Female,41,11448,73,Artist,10,3
6449,Female,84,11449,70,Healthcare,9,7
6450,Male,72,11450,25,Artist,6,1
6451,Female,97,11451,41,Artist,6,4
6452,Female,43,11452,70,Healthcare,5,2
6453,Female,63,11453,8,Artist,5,1
6454,Female,7,11454,42,Artist,9,5
6455,Male,54,11455,45,Healthcare,9,6
6456,Male,27,11456,82,Artist,9,3
6457,Male,28,11457,60,Executive,6,6
6458,Female,84,11458,48,Artist,7,2
6459,Male,71,11459,85,Entertainment,5,4
6460,Female,88,11460,99,Entertainment,4,4
6461,Female,75,11461,24,Artist,8,1
6462,Female,96,11462,65,Engineer,4,5
6463,Female,83,11463,19,Engineer,10,4
6464,Female,86,11464,76,Entertainment,7,4
6465,Male,60,11465,9,Artist,4,3
6466,Female,5,11466,14,Engineer,5,2
6467,Female,65,11467,19,Marketing,7,3
6468,Female,49,11468,45,Artist,8,5
6469,Female,78,11469,19,Marketing,5,6
6470,Male,25,11470,78,Artist,7,5
6471,Female,5,11471,94,Artist,10,3
6472,Female,58,11472,2,Artist,7,7
6473,Female,80,11473,97,Artist,8,4
6474,Female,94,11474,51,Artist,5,5
6475,Male,62,11475,4,Executive,5,6
6476,Male,20,11476,77,Artist,8,4
6477,Male,85,11477,35,Lawyer,10,4
6478,Female,72,11478,45,Engineer,8,7
6479,Male,95,11479,6,Executive,10,6
6480,Female,97,11480,42,Engineer,5,5
6481,Female,25,11481,42,Artist,7,3
6482,Female,17,11482,78,Artist,7,3
6483,Female,19,11483,86,,9,4
6484,Female,59,11484,79,Doctor,4,6
6485,Male,30,11485,73,Entertainment,10,4
6486,Female,63,11486,60,Doctor,9,3
6487,Female,23,11487,23,Artist,4,3
6488,Female,97,11488,17,Marketing,6,3
6489,Female,97,11489,99,Artist,4,7
6490,Male,94,11490,57,Artist,9,3
6491,Female,28,11491,67,Artist,5,5
6492,Male,21,11492,6,Doctor,4,7
6493,Female,25,11493,7,Artist,5,5
6494,Female,48,11494,45,Engineer,5,4
6495,Female,53,11495,23,Artist,9,7
6496,Female,97,11496,76,Artist,7,2
6497,Male,33,11497,52,Healthcare,7,4
6498,Male,5,11498,20,Entertainment,4,5
6499,Male,72,11499,93,Doctor,7,6
6500,Male,40,11500,15,Doctor,10,6
6501,Male,34,11501,34,Doctor,8,4
6502,Female,63,11502,76,Executive,7,5
6503,Female,85,11503,38,Doctor,5,3
6504,Female,86,11504,83,Healthcare,10,3
6505,Female,63,11505,100,Artist,10,1
6506,Female,9,11506,18,,5,1
6507,Female,76,11507,36,Artist,8,7
6508,Male,19,11508,93,Entertainment,6,3
6509,Female,84,11509,90,Engineer,5,6
6510,Male,38,11510,56,Executive,8,2
6511,Female,1,11511,19,Entertainment,9,1
6512,Female,30,11512,48,Artist,9,1
6513,Female,86,11513,25,Artist,6,6
6514,Male,21,11514,21,Healthcare,10,1
6515,Male,15,11515,16,Engineer,8,2
6516,Female,87,11516,53,Healthcare,9,1
6517,Male,40,11517,70,Artist,6,5
6518,Male,2,11518,36,Homemaker,5,7
6519,Female,63,11519,79,Healthcare,9,3
6520,Male,26,11520,42,Artist,5,3
6521,Male,29,11521,53,Entertainment,8,1
6522,Female,7,11522,3,Executive,9,5
6523,Male,28,11523,13,Lawyer,8,2
6524,Female,99,11524,18,Executive,8,2
6525,Male,69,11525,87,Healthcare,10,5
6526,Female,13,11526,59,Entertainment,6,7
6527,Male,73,11527,36,Healthcare,5,1
6528,Female,4,11528,59,Healthcare,10,4
6529,Female,42,11529,56,Artist,7,4
6530,Male,43,11530,9,Doctor,1,1
6531,Female,79,11531,32,Executive,0,5
6532,Male,18,11532,17,Engineer,0,5
6533,Male,39,11533,11,Entertainment,1,7
6534,Female,41,11534,99,Entertainment,0,3
6535,Female,60,11535,48,Artist,1,6
6536,Female,39,11536,99,Engineer,0,4
6537,Female,90,11537,86,Healthcare,1,2
6538,Female,83,11538,24,Artist,1,1
6539,Female,92,11539,87,Engineer,8,5
6540,Female,6,11540,27,Engineer,8,6
6541,Male,50,11541,61,Executive,4,6
6542,Male,90,11542,86,Entertainment,0,1
6543,Female,13,11543,30,Lawyer,1,6
6544,Female,27,11544,37,Artist,0,6
6545,Female,93,11545,80,Artist,4,2
6546,Female,61,11546,75,Healthcare,1,3
6547,Female,91,11547,1,Engineer,7,7
6548,Female,79,11548,55,Entertainment,0,7
6549,Female,80,11549,22,Artist,13,6
6550,Female,16,11550,60,Artist,0,5
6551,Male,4,11551,79,Lawyer,1,7
6552,Female,34,11552,3,Healthcare,1,1
6553,Male,10,11553,47,Doctor,0,2
6554,Female,3,11554,88,Executive,0,3
6555,Male,96,11555,51,Lawyer,0,6
6556,Female,48,11556,22,Entertainment,0,3
6557,Male,25,11557,96,Marketing,1,6
6558,Female,98,11558,39,Entertainment,6,2
6559,Male,84,11559,75,Marketing,1,3
6560,Male,88,11560,47,Marketing,0,6
6561,Male,86,11561,92,Artist,1,3
6562,Female,0,11562,53,Engineer,9,5
6563,Female,56,11563,93,Artist,0,5
6564,Male,6,11564,46,Marketing,1,5
6565,Male,2,11565,40,Healthcare,0,7
6566,Female,73,11566,23,Doctor,1,2
6567,Female,38,11567,32,Homemaker,1,1
6568,Male,37,11568,59,Engineer,9,7
6569,Female,41,11569,54,Artist,7,3
6570,Male,94,11570,13,Artist,1,3
6571,Female,57,11571,29,Homemaker,9,1
6572,Female,96,11572,51,Artist,0,1
6573,Female,59,11573,19,Healthcare,1,7
6574,Male,87,11574,22,Healthcare,1,3
6575,Male,55,11575,34,Healthcare,3,1
6576,Female,16,11576,37,Healthcare,8,5
6577,Male,82,11577,36,Artist,0,5
6578,Female,83,11578,25,Artist,1,1
6579,Female,96,11579,46,Marketing,0,3
6580,Male,55,11580,99,Artist,0,4
6581,Male,6,11581,44,Artist,1,3
6582,Male,33,11582,43,Engineer,1,5
6583,Female,0,11583,7,Marketing,2,6
6584,Female,27,11584,31,Artist,0,5
6585,Male,72,11585,58,Engineer,0,4
6586,Female,13,11586,4,Healthcare,7,6
6587,Female,19,11587,59,Healthcare,3,5
6588,Female,48,11588,41,Engineer,0,1
6589,Female,58,11589,24,Artist,1,1
6590,Female,21,11590,69,Healthcare,0,2
6591,Male,91,11591,5,Entertainment,1,5
6592,Male,44,11592,55,Homemaker,1,7
6593,Female,80,11593,96,Artist,2,4
6594,Female,28,11594,79,Entertainment,0,2
6595,Male,74,11595,89,Entertainment,0,4
6596,Female,79,11596,51,Executive,5,5
6597,Female,42,11597,52,Marketing,0,5
6598,Male,80,11598,24,Entertainment,0,3
6599,Male,8,11599,43,Artist,0,1
6600,Female,24,11600,79,Entertainment,0,7
6601,Female,71,11601,90,Artist,1,6
6602,Male,1,11602,64,Entertainment,0,7
6603,Male,0,11603,62,Healthcare,1,6
6604,Male,30,11604,92,Healthcare,0,3
6605,Female,52,11605,97,Healthcare,5,4
6606,Female,34,11606,15,Homemaker,8,1
6607,Male,64,11607,39,Entertainment,1,7
6608,Male,17,11608,94,Artist,1,7
6609,Male,71,11609,36,Lawyer,0,3
6610,Male,87,11610,30,Executive,9,6
6611,Female,68,11611,28,Artist,0,7
6612,Female,14,11612,49,Entertainment,0,6
6613,Male,24,11613,67,Artist,0,6
6614,Female,10,11614,28,Lawyer,1,4
6615,Female,53,11615,47,Healthcare,4,3
6616,Female,39,11616,60,Artist,0,7
6617,Female,16,11617,17,Entertainment,8,3
6618,Female,64,11618,35,Engineer,1,3
6619,Female,41,11619,21,Artist,0,7
6620,Male,16,11620,34,Healthcare,7,6
6621,Female,94,11621,55,Artist,4,4
6622,Female,40,11622,17,Healthcare,0,2
6623,Male,81,11623,1,Entertainment,1,4
6624,Female,18,11624,63,Healthcare,0,4
6625,Female,78,11625,72,,3,6
6626,Male,8,11626,100,Doctor,0,6
6627,Male,64,11627,46,Healthcare,2,1
6628,Male,45,11628,81,Healthcare,0,5
6629,Male,99,11629,52,Healthcare,1,1
6630,Male,59,11630,77,Doctor,0,2
6631,Male,53,11631,66,Lawyer,5,5
6632,Female,66,11632,54,Engineer,10,2
6633,Female,1,11633,50,Artist,1,2
6634,Male,73,11634,55,,6,4
6635,Female,34,11635,43,Entertainment,9,2
6636,Female,1,11636,17,Healthcare,1,3
6637,Male,73,11637,9,Doctor,1,5
6638,Male,90,11638,18,Healthcare,2,7
6639,Female,32,11639,100,Homemaker,8,6
6640,Female,47,11640,32,Doctor,1,7
6641,Male,15,11641,87,Homemaker,8,3
6642,Female,78,11642,84,Lawyer,3,5
6643,Female,83,11643,99,Healthcare,1,3
6644,Male,2,11644,60,Artist,1,3
6645,Male,75,11645,86,Entertainment,1,2
6646,Male,45,11646,17,Executive,0,7
6647,Female,49,11647,70,Doctor,7,7
6648,Female,41,11648,7,Homemaker,0,7
6649,Male,34,11649,77,Entertainment,0,1
6650,Male,82,11650,83,Healthcare,3,6
6651,Male,37,11651,85,Marketing,9,3
6652,Female,25,11652,95,Entertainment,1,6
6653,Female,52,11653,1,Marketing,9,7
6654,Female,23,11654,42,Entertainment,8,5
6655,Female,96,11655,23,Artist,9,3
6656,Male,5,11656,10,Homemaker,0,5
6657,Female,47,11657,3,Healthcare,4,5
6658,Male,81,11658,55,Artist,0,5
6659,Female,4,11659,34,Artist,1,1
6660,Female,8,11660,74,Healthcare,1,3
6661,Female,35,11661,26,Lawyer,1,3
6662,Male,67,11662,60,Doctor,9,3
6663,Female,9,11663,14,Executive,1,3
6664,Male,82,11664,61,Lawyer,3,7
6665,Female,2,11665,10,Artist,9,5
6666,Male,95,11666,4,Artist,0,4
6667,Female,9,11667,92,Doctor,6,5
6668,Female,99,11668,4,Healthcare,0,2
6669,Male,96,11669,41,Homemaker,8,2
6670,Male,92,11670,69,Lawyer,1,4
6671,Male,24,11671,55,Artist,1,3
6672,Male,58,11672,19,Entertainment,0,5
6673,Male,15,11673,97,Executive,1,1
6674,Female,13,11674,96,Marketing,0,3
6675,Female,51,11675,75,Artist,9,3
6676,Male,9,11676,10,Artist,8,3
6677,Male,0,11677,92,Doctor,1,3
6678,Male,67,11678,55,Healthcare,9,3
6679,Male,58,11679,77,Healthcare,1,5
6680,Female,55,11680,49,Executive,0,1
6681,Female,52,11681,59,Healthcare,0,7
6682,Male,83,11682,59,Entertainment,1,1
6683,Female,83,11683,86,Executive,0,1
6684,Female,90,11684,54,Lawyer,1,7
6685,Male,87,11685,20,Artist,7,3
6686,Female,67,11686,38,Artist,1,6
6687,Male,81,11687,67,Executive,0,7
6688,Female,36,11688,10,Artist,9,3
6689,Female,51,11689,37,Artist,0,5
6690,Female,31,11690,37,Artist,0,1
6691,Female,57,11691,52,Artist,0,1
6692,Male,83,11692,59,Artist,4,2
6693,Female,51,11693,33,Engineer,3,4
6694,Female,15,11694,76,Marketing,1,6
6695,Female,18,11695,94,Doctor,14,1
6696,Female,88,11696,48,Healthcare,1,6
6697,Male,70,11697,10,Artist,8,5
6698,Male,9,11698,91,Artist,1,2
6699,Male,6,11699,31,Lawyer,0,3
6700,Female,8,11700,98,Engineer,0,2
6701,Male,55,11701,31,Executive,6,3
6702,Female,69,11702,10,Entertainment,4,6
6703,Female,18,11703,32,Homemaker,9,5
6704,Female,13,11704,50,Entertainment,1,7
6705,Female,69,11705,75,Entertainment,8,3
6706,Female,69,11706,91,Engineer,9,3
6707,Male,69,11707,73,Healthcare,0,5
6708,Female,89,11708,35,Healthcare,0,5
6709,Female,45,11709,14,Lawyer,0,3
6710,Female,75,11710,72,Entertainment,10,6
6711,Female,54,11711,39,Homemaker,8,7
6712,Male,33,11712,48,Artist,4,1
6713,Male,67,11713,96,Artist,1,5
6714,Male,26,11714,19,Healthcare,0,1
6715,Female,5,11715,97,Entertainment,0,7
6716,Male,65,11716,51,Doctor,1,1
6717,Female,94,11717,62,Artist,0,6
6718,Female,95,11718,15,Entertainment,8,1
6719,Female,48,11719,23,Entertainment,1,2
6720,Female,41,11720,22,Lawyer,0,7
6721,Female,92,11721,16,Executive,9,4
6722,Male,44,11722,58,Engineer,1,7
6723,Female,35,11723,73,Artist,1,1
6724,Female,34,11724,17,Doctor,1,2
6725,Female,52,11725,51,Executive,0,5
6726,Female,64,11726,17,Marketing,10,1
6727,Male,62,11727,58,Artist,1,4
6728,Male,58,11728,75,Artist,1,7
6729,Male,15,11729,47,Artist,1,7
6730,Female,65,11730,49,Homemaker,6,4
6731,Male,20,11731,68,Doctor,0,7
6732,Female,21,11732,36,Executive,1,7
6733,Female,79,11733,34,Artist,2,6
6734,Female,91,11734,4,Artist,0,2
6735,Female,92,11735,76,Engineer,1,4
6736,Male,62,11736,79,Artist,1,4
6737,Male,94,11737,48,Doctor,0,4
6738,Male,10,11738,77,Lawyer,0,4
6739,Female,53,11739,66,Artist,8,4
6740,Male,7,11740,69,Entertainment,9,6
6741,Female,92,11741,76,Entertainment,0,2
6742,Female,12,11742,31,Entertainment,0,5
6743,Female,31,11743,23,Doctor,6,7
6744,Female,93,11744,33,Lawyer,5,1
6745,Female,66,11745,37,Engineer,8,2
6746,Male,49,11746,44,Healthcare,7,7
6747,Female,64,11747,97,Artist,5,7
6748,Female,27,11748,18,Artist,10,4
6749,Female,33,11749,75,Artist,4,1
6750,Male,79,11750,30,Executive,7,2
6751,Female,14,11751,60,Executive,9,7
6752,Female,22,11752,91,Artist,10,7
6753,Female,8,11753,67,Artist,5,7
6754,Female,6,11754,47,Doctor,8,2
6755,Male,81,11755,45,Artist,8,6
6756,Male,69,11756,14,Healthcare,8,7
6757,Male,0,11757,24,Executive,10,3
6758,Female,61,11758,39,Artist,8,4
6759,Male,62,11759,52,Artist,5,3
6760,Female,95,11760,78,Healthcare,10,2
6761,Female,32,11761,54,Lawyer,6,2
6762,Female,13,11762,16,Artist,7,2
6763,Female,1,11763,36,Executive,9,7
6764,Female,63,11764,40,Doctor,9,4
6765,Male,75,11765,67,Artist,10,5
6766,Female,43,11766,89,Engineer,7,6
6767,Female,29,11767,21,Artist,6,2
6768,Female,82,11768,55,Artist,9,7
6769,Female,87,11769,96,Entertainment,4,2
6770,Male,66,11770,39,Artist,7,4
6771,Female,99,11771,46,Artist,10,7
6772,Female,54,11772,50,Lawyer,6,3
6773,Female,49,11773,74,Artist,9,7
6774,Female,60,11774,66,Entertainment,9,2
6775,Male,75,11775,82,Executive,4,1
6776,Male,77,11776,4,Doctor,10,4
6777,Male,34,11777,61,Artist,10,3
6778,Female,63,11778,11,Lawyer,6,6
6779,Male,38,11779,38,Artist,7,2
6780,Female,68,11780,94,Engineer,10,2
6781,Female,80,11781,93,Marketing,10,2
6782,Female,8,11782,31,Homemaker,7,2
6783,Female,86,11783,68,Engineer,7,5
6784,Female,1,11784,85,Lawyer,10,4
6785,Male,56,11785,42,Healthcare,7,7
6786,Female,14,11786,63,Marketing,6,6
6787,Female,4,11787,44,Artist,4,5
6788,Female,58,11788,46,,7,5
6789,Female,6,11789,2,Artist,5,2
6790,Male,17,11790,48,Engineer,7,1
6791,Female,55,11791,62,Artist,10,1
6792,Male,14,11792,28,Lawyer,7,2
6793,Female,22,11793,14,Homemaker,10,2
6794,Female,8,11794,65,Healthcare,4,5
6795,Female,70,11795,96,Artist,4,1
6796,Female,67,11796,81,Artist,7,5
6797,Male,50,11797,71,Executive,5,3
6798,Male,72,11798,37,Engineer,9,2
6799,Male,76,11799,53,Engineer,6,1
6800,Male,80,11800,51,Artist,4,5
6801,Male,20,11801,60,Lawyer,8,4
6802,Female,89,11802,53,Artist,10,1
6803,Female,18,11803,18,Artist,8,2
6804,Female,75,11804,12,Engineer,7,6
6805,Female,5,11805,55,Marketing,6,3
6806,Female,79,11806,41,Artist,10,4
6807,Female,31,11807,40,Healthcare,8,1
6808,Male,92,11808,65,Artist,6,5
6809,Female,15,11809,27,Homemaker,6,2
6810,Male,94,11810,84,Marketing,10,7
6811,Female,35,11811,22,Executive,6,3
6812,Female,68,11812,43,Entertainment,8,1
6813,Female,29,11813,73,Lawyer,5,5
6814,Male,87,11814,61,Healthcare,9,1
6815,Male,33,11815,44,Executive,9,2
6816,Female,29,11816,7,Executive,9,7
6817,Male,43,11817,49,Healthcare,5,1
6818,Male,43,11818,90,Artist,10,5
6819,Female,66,11819,98,Artist,10,5
6820,Male,23,11820,70,Executive,5,7
6821,Male,87,11821,28,Artist,4,2
6822,Female,81,11822,54,Executive,8,3
6823,Male,42,11823,4,Lawyer,4,5
6824,Female,32,11824,83,Healthcare,4,6
6825,Male,7,11825,18,Artist,6,6
6826,Female,91,11826,66,Artist,7,2
6827,Male,95,11827,9,Doctor,7,3
6828,Female,10,11828,21,Artist,6,6
6829,Female,20,11829,88,Artist,6,2
6830,Male,5,11830,61,Lawyer,8,1
6831,Female,84,11831,27,Artist,4,2
6832,Male,54,11832,34,Healthcare,10,4
6833,Male,12,11833,63,Healthcare,8,1
6834,Female,90,11834,99,Artist,10,4
6835,Female,19,11835,38,Lawyer,1,1
6836,Female,91,11836,96,Marketing,0,7
6837,Female,90,11837,35,Entertainment,1,7
6838,Female,60,11838,36,Doctor,0,2
6839,Female,68,11839,49,Homemaker,9,1
6840,Female,43,11840,47,Artist,11,2
6841,Male,52,11841,77,Healthcare,4,4
6842,Male,81,11842,91,Entertainment,0,1
6843,Female,54,11843,22,Entertainment,7,3
6844,Female,43,11844,37,Artist,5,4
6845,Female,20,11845,41,Lawyer,9,1
6846,Female,71,11846,46,Artist,1,3
6847,Female,26,11847,72,Entertainment,9,5
6848,Female,75,11848,65,Doctor,7,5
6849,Female,52,11849,55,Artist,1,1
6850,Female,40,11850,14,Doctor,0,5
6851,Male,5,11851,60,Entertainment,9,6
6852,Female,46,11852,38,Healthcare,3,5
6853,Male,98,11853,30,Artist,0,7
6854,Female,84,11854,96,Healthcare,1,2
6855,Male,35,11855,68,Healthcare,9,1
6856,Female,78,11856,54,Artist,1,4
6857,Male,64,11857,53,Artist,1,7
6858,Female,98,11858,79,Engineer,0,2
6859,Male,66,11859,24,Healthcare,0,5
6860,Male,32,11860,28,Healthcare,6,4
6861,Male,22,11861,44,Executive,3,7
6862,Female,17,11862,35,Entertainment,1,7
6863,Female,22,11863,81,Engineer,1,1
6864,Male,9,11864,18,Artist,0,2
6865,Male,24,11865,4,Artist,0,2
6866,Female,8,11866,75,Artist,9,3
6867,Female,52,11867,15,Artist,1,6
6868,Male,62,11868,54,Healthcare,1,1
6869,Female,37,11869,45,Entertainment,0,4
6870,Male,68,11870,47,Homemaker,9,2
6871,Female,63,11871,80,Entertainment,1,2
6872,Female,15,11872,67,Executive,0,6
6873,Female,44,11873,89,Artist,12,6
6874,Male,18,11874,16,Entertainment,0,6
6875,Male,30,11875,1,Executive,0,4
6876,Female,69,11876,80,Doctor,1,4
6877,Male,16,11877,83,Engineer,2,2
6878,Female,71,11878,74,Artist,1,4
6879,Female,24,11879,24,Entertainment,6,2
6880,Male,57,11880,94,Healthcare,0,2
6881,Male,97,11881,77,Healthcare,0,6
6882,Male,68,11882,48,Artist,0,3
6883,Female,11,11883,37,Healthcare,0,2
6884,Female,63,11884,81,,1,4
6885,Male,68,11885,61,Artist,8,3
6886,Female,69,11886,77,Engineer,4,4
6887,Female,77,11887,66,Healthcare,0,1
6888,Female,73,11888,50,Entertainment,1,5
6889,Female,19,11889,96,Executive,1,2
6890,Female,1,11890,67,Artist,0,5
6891,Male,71,11891,27,Artist,4,1
6892,Male,6,11892,79,Healthcare,8,6
6893,Female,68,11893,17,Healthcare,0,3
6894,Female,39,11894,91,Artist,0,5
6895,Male,75,11895,55,Entertainment,8,2
6896,Female,65,11896,36,Lawyer,1,5
6897,Female,30,11897,9,Entertainment,6,5
6898,Male,46,11898,95,Marketing,8,2
6899,Male,40,11899,29,Executive,7,7
6900,Female,40,11900,70,Artist,0,6
6901,Female,20,11901,16,Healthcare,5,7
6902,Male,88,11902,59,Marketing,8,4
6903,Male,85,11903,87,Healthcare,4,3
6904,Male,94,11904,54,Engineer,9,6
6905,Female,52,11905,53,,5,4
6906,Female,68,11906,97,Marketing,7,6
6907,Male,15,11907,78,Artist,8,4
6908,Male,4,11908,41,Artist,9,2
6909,Male,59,11909,78,Doctor,9,7
6910,Male,32,11910,38,Entertainment,6,7
6911,Female,8,11911,45,Artist,10,6
6912,Female,92,11912,94,Executive,4,3
6913,Male,9,11913,2,Artist,8,1
6914,Female,41,11914,4,Healthcare,8,4
6915,Female,18,11915,47,Engineer,6,5
6916,Female,78,11916,80,Entertainment,9,6
6917,Female,0,11917,74,Artist,7,5
6918,Female,11,11918,17,Healthcare,8,1
6919,Female,36,11919,19,Executive,8,7
6920,Male,46,11920,50,Healthcare,7,7
6921,Female,95,11921,34,Artist,6,4
6922,Female,97,11922,89,Executive,8,3
6923,Male,2,11923,11,Executive,8,3
6924,Female,94,11924,30,Homemaker,4,4
6925,Female,0,11925,46,Doctor,4,5
6926,Male,3,11926,69,Healthcare,6,1
6927,Male,77,11927,29,Healthcare,4,7
6928,Male,70,11928,64,Executive,5,2
6929,Male,58,11929,25,Executive,5,3
6930,Male,72,11930,46,Healthcare,8,6
6931,Male,90,11931,92,Executive,6,7
6932,Female,23,11932,79,,7,5
6933,Female,87,11933,42,Artist,7,6
6934,Male,64,11934,58,Doctor,4,6
6935,Female,15,11935,9,Doctor,10,7
6936,Female,14,11936,17,Artist,9,3
6937,Male,54,11937,65,Artist,7,6
6938,Male,76,11938,44,Doctor,5,3
6939,Female,76,11939,49,Artist,5,1
6940,Female,52,11940,38,Artist,5,5
6941,Male,96,11941,6,Artist,9,4
6942,Female,55,11942,50,Healthcare,10,5
6943,Female,54,11943,64,Artist,4,5
6944,Male,19,11944,100,Artist,6,4
6945,Male,29,11945,74,Marketing,5,3
6946,Male,96,11946,47,Engineer,7,4
6947,Female,20,11947,21,Artist,8,5
6948,Female,91,11948,64,Lawyer,7,6
6949,Male,37,11949,38,Healthcare,5,5
6950,Male,42,11950,69,Entertainment,4,1
6951,Male,1,11951,75,Artist,10,5
6952,Female,58,11952,80,Entertainment,8,6
6953,Female,42,11953,24,Entertainment,6,1
6954,Female,48,11954,45,Lawyer,9,6
6955,Female,11,11955,39,Marketing,6,2
6956,Male,59,11956,87,Artist,9,3
6957,Female,45,11957,32,Entertainment,9,2
6958,Male,73,11958,97,Doctor,5,1
6959,Female,85,11959,21,Engineer,4,6
6960,Female,70,11960,49,Entertainment,4,5
6961,Female,52,11961,46,Engineer,7,2
6962,Male,70,11962,51,Homemaker,7,7
6963,Female,88,11963,90,Artist,7,6
6964,Male,61,11964,96,Artist,9,5
6965,Female,46,11965,34,Artist,8,3
6966,Male,65,11966,32,Homemaker,8,4
6967,Female,84,11967,73,Entertainment,8,5
6968,Female,76,11968,88,Executive,10,2
6969,Male,31,11969,42,Doctor,9,1
6970,Male,55,11970,89,Executive,4,6
6971,Male,45,11971,88,Entertainment,10,5
6972,Male,98,11972,12,Engineer,5,2
6973,Male,40,11973,36,Executive,4,5
6974,Female,14,11974,59,Healthcare,8,6
6975,Female,41,11975,43,Executive,9,4
6976,Male,60,11976,82,Engineer,7,2
6977,Male,60,11977,100,Lawyer,8,2
6978,Male,84,11978,85,Artist,10,2
6979,Male,0,11979,93,Doctor,8,1
6980,Female,10,11980,76,Artist,7,2
6981,Female,62,11981,19,Artist,5,6
6982,Male,33,11982,68,Lawyer,4,1
6983,Female,52,11983,41,Marketing,10,1
6984,Female,2,11984,51,Lawyer,6,6
6985,Male,27,11985,44,Entertainment,8,1
6986,Female,4,11986,61,Doctor,4,7
6987,Male,63,11987,80,Artist,7,1
6988,Female,54,11988,77,Artist,4,4
6989,Female,47,11989,55,Doctor,6,7
6990,Female,30,11990,69,Artist,7,3
6991,Female,97,11991,96,Entertainment,5,6
6992,Male,94,11992,24,Marketing,9,3
6993,Female,64,11993,100,Artist,9,5
6994,Female,19,11994,89,Engineer,6,3
6995,Female,71,11995,40,Artist,8,7
6996,Female,91,11996,32,Doctor,7,7
6997,Male,87,11997,14,Healthcare,9,2
6998,Male,77,11998,4,Executive,7,2
6999,Male,90,11999,52,Entertainment,5,2
